Flow Duration,Total Fwd Packets,Total Backward Packets,Flow Bytes/s,Flow Packets/s,Protocol,SYN Flag Count,ACK Flag Count,FIN Flag Count,RST Flag Count,Source Port,Destination Port,Label
42870,39,41,70241.27413830959,1493.916709893328,6,3,1,1,0,31468,8080,FTP-Patator
21252,45,35,92667.58414179138,2982.180054395706,17,3,2,0,1,33854,80,PortScan
10685,44,16,50654.448538095356,3002.7418527470077,17,1,4,1,0,48704,22,BENIGN
46009,47,22,67816.61745321419,2963.2195231733135,6,0,1,0,0,26825,8080,BENIGN
40207,45,16,15548.784564032345,3924.483265055555,6,1,1,0,1,57787,80,BENIGN
10627,28,24,74312.60966047416,1021.3519576685259,17,3,3,1,1,36752,80,BENIGN
47268,37,27,47030.4355168805,2717.8380659282784,6,0,0,0,0,50713,22,BENIGN
34386,4,9,27093.477416957867,2274.673633190087,6,1,0,1,0,26636,443,BENIGN
941,22,49,91724.9640951736,1220.11344176754,6,3,2,0,0,26850,443,DDoS
48006,2,21,73832.85452580666,1140.074757477318,6,1,0,1,1,56675,8080,BENIGN
16542,4,47,31302.827171670044,4299.769141154441,17,3,4,1,1,1629,80,BENIGN
42173,42,22,83012.40447118775,943.1551190410256,6,2,0,1,0,44995,21,BENIGN
16632,38,35,47886.410449804775,1272.9840979489843,6,4,3,0,1,63693,21,BENIGN
2335,45,17,98997.21160350376,1101.9154478590583,17,0,3,1,1,6588,8080,DDoS
22211,35,23,14073.740446993586,1347.268717046592,17,0,3,0,1,17147,21,FTP-Patator
21158,20,5,73461.60625066313,251.08967957304048,6,0,4,0,0,18580,8080,BENIGN
35874,18,18,52131.87591123585,2327.098591380097,17,2,2,1,1,5579,8080,BENIGN
42672,29,10,71697.09430247181,1324.7813033085142,6,3,2,0,0,26957,80,FTP-Patator
29032,23,30,82660.97374086888,940.4416265218896,6,4,3,1,1,59906,22,FTP-Patator
7018,11,10,53812.305834240164,3624.2096352721064,17,4,3,0,0,47113,80,DDoS
35546,10,37,32596.350523031055,1118.0995303037653,6,0,3,1,0,12684,22,BENIGN
1222,33,39,3833.8480555713772,2069.75637883278,6,4,4,0,1,58674,22,BENIGN
2444,23,44,57169.23247796104,3323.7170328734724,6,0,4,1,0,39635,8080,DDoS
16029,49,42,10686.392436090046,4174.26098166288,6,4,1,0,1,59189,22,FTP-Patator
5120,40,35,10990.197638185791,1766.7966953239911,6,1,1,1,0,34691,443,FTP-Patator
4564,21,26,76116.21872947426,4840.747362848884,17,1,4,0,1,36213,80,BENIGN
22426,17,46,79847.44189222853,4580.158132626398,17,2,3,1,1,35249,443,BENIGN
11464,34,49,81901.00642787285,3189.74385091612,17,4,2,0,1,48033,80,BENIGN
23226,29,35,2460.3523319005667,3239.7019216007566,6,2,3,1,1,37179,22,BENIGN
17271,39,23,20170.412376529443,1411.6284832537935,6,2,0,0,1,10316,80,PortScan
11267,36,20,89799.69171119803,293.29563686801845,17,2,3,1,0,27153,8080,DDoS
26358,29,14,87033.72747744726,2692.2296183363796,17,0,1,0,0,25083,8080,FTP-Patator
18314,10,30,86838.63882249003,1961.4516375751764,17,1,1,0,1,40349,21,PortScan
30554,5,34,47586.454351127475,3942.2880517443773,17,1,2,0,1,18365,21,PortScan
19374,34,5,38480.059203849574,3068.510437923498,6,0,3,0,0,1858,8080,PortScan
49960,31,28,6865.183354625487,3705.82790490957,17,1,3,1,0,53771,443,DDoS
19597,43,37,96760.90386658731,752.1201800120022,17,1,3,0,0,38140,21,BENIGN
36924,10,5,69658.48477020572,4099.342773317668,6,2,3,1,0,55230,21,BENIGN
40946,10,46,25164.65210440739,3143.3648733336368,6,2,0,0,0,12093,21,BENIGN
18987,11,33,45043.00994512582,2794.8976772781953,17,2,0,1,0,47356,22,PortScan
4605,29,1,82451.79635681106,3959.703059885927,6,0,4,0,1,18383,80,DDoS
9882,33,24,24583.121431514985,4737.433681393409,6,3,3,1,0,20759,22,PortScan
5164,40,40,27032.38644401107,4723.951620098163,6,3,4,1,0,31421,21,FTP-Patator
24630,35,24,90408.64476644107,676.0823478381257,6,2,1,0,1,63586,21,BENIGN
6542,7,36,28984.036353463744,4611.597574330704,6,4,1,0,1,4679,22,PortScan
984,15,34,99047.16936791311,4698.176543243916,17,3,0,1,1,35856,21,BENIGN
38541,1,1,52327.11449759467,2012.8377976431627,17,4,2,1,0,58608,443,FTP-Patator
6694,18,30,59644.15610876835,2884.633094814419,17,2,3,0,1,36413,443,BENIGN
7075,47,41,80360.09677929443,2893.6299444875276,6,2,1,1,1,64277,22,BENIGN
2737,13,9,60131.12119606312,4948.1399485379525,17,0,4,1,1,47662,21,DDoS
42711,10,25,92199.04422949329,525.0541356880137,17,0,2,1,1,54772,80,BENIGN
41709,42,41,5525.75897314711,955.609896929504,6,4,2,1,1,23904,22,DDoS
2964,26,19,79069.02561573802,4866.607998810548,17,1,3,1,0,38110,8080,DDoS
48936,3,23,57730.89214060349,4592.479468057732,6,0,2,0,1,37611,443,BENIGN
7308,38,8,69108.19197132366,3252.02194902922,17,4,2,1,1,1225,8080,BENIGN
22539,47,25,33599.826120074664,4286.943452671666,6,4,3,0,0,24534,8080,BENIGN
42999,45,29,87904.75478343292,2144.5957026197534,6,4,4,1,0,27579,443,PortScan
107,37,7,46013.46414620688,1811.1074422521924,6,0,0,0,1,4105,21,DDoS
40546,34,40,49466.446771183815,4659.63911800609,17,2,3,1,1,55324,8080,PortScan
38097,19,11,88239.69016592402,2733.6493172068876,17,4,0,1,1,33798,80,DDoS
32730,11,15,72607.42738197368,3592.0790498212637,17,1,3,0,0,14912,22,BENIGN
37813,13,41,20377.278382413297,978.5165195545044,17,2,1,1,0,23213,8080,DDoS
30720,6,18,41605.29889337818,2205.2224581422183,6,3,1,1,1,6080,443,BENIGN
40686,47,36,5592.128606428482,4062.3574925893377,6,1,1,1,0,17060,8080,BENIGN
1833,28,24,84639.84221864193,1537.3485956996085,17,0,2,0,0,24955,22,BENIGN
34921,11,36,33526.0909029711,2315.3041749570134,6,0,0,1,1,23773,21,BENIGN
10308,38,37,52938.05405276864,3030.899187394837,17,4,1,0,0,42493,443,BENIGN
45671,5,3,74795.40724938292,765.8755919059122,17,4,2,0,0,19329,21,BENIGN
8325,16,30,95057.76042555185,3951.39081712082,6,4,4,0,0,30363,21,PortScan
42223,32,10,40925.50525866212,3611.5268164816107,17,1,2,0,0,34731,80,BENIGN
44434,24,8,5161.934491069459,3445.9218122002335,6,1,1,1,0,20424,80,BENIGN
25293,6,7,42362.60382639727,2256.769140799628,6,1,0,1,0,8191,21,BENIGN
7868,34,48,22503.032792812715,147.47284661532692,17,0,1,0,0,11468,21,BENIGN
1316,44,45,59700.292237194844,119.8072272816861,17,1,2,1,1,50912,21,FTP-Patator
15047,12,42,76664.59144102946,3752.32264275292,6,3,0,0,1,45568,443,FTP-Patator
37144,3,12,34239.63704197055,2614.7023948819187,6,2,4,1,1,42744,21,DDoS
31784,6,34,3527.7983650092547,810.8186979314518,17,4,2,0,0,51778,22,BENIGN
12459,47,45,3731.9118962605803,1430.687256136529,17,3,3,0,1,43825,443,FTP-Patator
33909,17,13,43926.805804581054,3135.384164712254,17,4,1,1,1,48691,80,BENIGN
41656,28,4,31350.41030770872,2022.2330111125639,6,1,4,0,1,27165,443,BENIGN
34651,7,5,40209.9414479704,1326.0626563816184,17,1,2,0,0,59808,80,DDoS
45775,16,4,76794.07698133771,2478.818548943969,6,2,0,0,1,26468,21,DDoS
22371,24,29,2418.661103880851,3437.8138208295363,6,3,1,0,0,42801,21,BENIGN
30859,8,27,51013.11700216686,581.9993477716218,17,4,4,1,1,12675,8080,BENIGN
31387,45,45,41588.56209042715,3213.414828780546,6,4,0,0,0,12921,443,BENIGN
17477,47,6,71034.66440070167,3361.0915896420543,17,3,3,1,0,63663,22,BENIGN
28940,15,6,59542.80508269522,2496.97783688039,6,0,0,1,0,26287,21,BENIGN
4766,44,10,95367.09195099732,4554.879186469497,6,0,4,1,0,1445,22,BENIGN
17299,49,39,5220.429100953887,4891.6921092947405,6,2,4,0,0,26637,80,BENIGN
29896,38,13,43219.804097222535,113.60334599463391,17,1,0,1,0,62383,443,BENIGN
47007,45,18,77058.84561176329,2597.922488410454,6,2,0,0,1,7936,8080,BENIGN
35600,28,49,26693.090748214538,962.3199985453998,6,1,3,1,0,44143,8080,BENIGN
22253,5,39,45446.67106362021,812.9093037046737,17,4,0,1,0,61088,22,BENIGN
38856,37,41,66474.78875054051,2078.85204330824,17,0,1,1,0,39711,8080,BENIGN
6971,32,15,68161.24033261609,477.12054946443527,6,2,0,1,0,13764,22,FTP-Patator
38965,28,34,3481.726450786071,3500.6284568208675,17,3,1,1,1,31415,443,BENIGN
7586,17,11,23221.62457781137,1290.6077382632006,17,4,3,0,0,43617,443,BENIGN
44197,30,2,93076.24794024597,629.3880547303703,17,1,1,1,0,15983,80,BENIGN
49622,17,22,30263.455940559747,2004.813541935686,17,4,0,1,1,9861,21,BENIGN
43442,40,36,49093.79440139751,890.7035342095159,17,2,4,0,0,37267,80,BENIGN
49743,27,8,19237.161063958963,1171.6806714986812,6,2,0,0,0,43433,22,BENIGN
2184,21,7,54217.395380129594,87.46462434541549,6,3,4,1,1,50257,22,BENIGN
26288,46,5,25653.484536900138,4668.790677439,17,1,2,0,1,51145,21,BENIGN
3318,27,39,88402.91989086416,2567.638829277904,17,1,2,0,0,64436,21,BENIGN
40012,42,31,88215.81806715483,4337.972858535059,6,0,1,1,0,38182,443,DDoS
11443,48,40,38173.655994855624,1938.9277643629086,6,1,0,1,0,31338,80,FTP-Patator
33897,30,11,50875.05272050201,4406.60751853896,17,1,3,0,1,16267,80,PortScan
656,4,44,88402.46385825834,4309.541631903652,17,2,3,1,1,55666,443,BENIGN
44220,1,9,1215.6021211785524,264.2732950397597,6,2,2,1,0,34288,22,DDoS
10015,28,35,69790.21187238012,2649.2024946572715,6,4,4,1,0,42630,80,FTP-Patator
7026,13,38,13894.136203434604,3234.4753458682717,6,3,3,0,0,44051,8080,PortScan
49947,18,27,78312.86515831777,3863.917735810341,6,1,0,1,1,50509,443,BENIGN
34779,23,25,63830.481907986985,2093.8667897563723,6,1,0,1,0,39833,80,PortScan
28981,42,24,70590.94459123767,2121.3227973618373,17,4,4,0,0,47365,80,BENIGN
45487,17,49,99541.34526840248,2343.6008237584997,17,2,1,1,1,41839,22,BENIGN
34918,18,13,93657.07630741851,2580.103919594864,17,2,3,0,0,9925,443,BENIGN
20665,48,9,94051.48979017108,4014.2168977814067,6,1,3,1,1,24462,443,PortScan
9692,40,33,94949.8122895577,334.5806282276934,6,4,3,1,0,62570,22,BENIGN
39658,8,26,90915.42752100827,3863.1243938644648,17,3,1,0,1,12008,80,PortScan
16576,7,3,45491.73030146078,3651.6865267015282,17,3,2,1,1,27097,80,DDoS
45598,3,43,40667.0996882076,149.7351353100643,17,2,2,0,0,64500,8080,DDoS
11799,15,34,74847.35412203161,1254.6358633871673,17,0,4,0,0,53612,22,BENIGN
2712,47,1,23821.137491170055,717.267241946879,17,1,2,1,0,65494,22,PortScan
48638,22,42,67067.75570328615,1368.063859550588,6,4,1,0,0,38722,80,PortScan
40630,17,28,5760.534952379828,2214.6031510625107,6,1,3,0,0,29751,21,BENIGN
15374,18,25,99603.40333410645,4328.638301773016,6,3,4,1,1,11819,443,DDoS
36090,6,23,93359.46494546189,4074.5287045790014,6,0,3,0,1,44275,443,FTP-Patator
17641,19,43,55090.74516037255,3365.9505971011467,17,4,1,0,0,63196,80,BENIGN
18447,48,36,1800.8183716460571,1545.269222147612,6,2,4,1,0,42428,22,BENIGN
10750,35,37,2605.0417505974647,1026.6730868269458,6,3,4,0,1,52317,443,FTP-Patator
45096,27,12,95081.94497283702,3451.96468216311,6,1,4,1,0,7010,8080,DDoS
4434,36,22,64257.36686995171,2684.2137850762365,17,3,3,0,1,64891,8080,BENIGN
9552,8,42,51316.3432617984,144.07440140977374,17,4,0,0,1,34482,22,BENIGN
30729,13,46,47392.70628447992,1406.4771523032005,6,4,2,0,1,62828,443,PortScan
15850,42,48,63798.624507020344,635.8021026363817,6,2,4,1,1,10548,22,BENIGN
6829,32,43,23487.771726386723,367.37341557212056,6,1,3,1,0,28821,443,BENIGN
8804,9,43,58792.58823965518,3972.926157753167,17,3,4,1,1,51845,21,BENIGN
32626,32,47,34298.07010110257,3185.505979575855,6,0,1,0,1,24894,80,PortScan
21847,3,44,25271.363779530664,1460.6482758739508,17,0,3,1,1,21137,443,DDoS
41516,12,17,32592.610771434007,482.0970186036809,6,1,3,0,0,25854,22,BENIGN
42410,36,10,32545.6265834067,1246.8619593228495,17,0,4,0,0,31819,80,DDoS
8511,8,28,1658.6208574544105,2720.9539418277277,6,0,1,1,1,32614,22,BENIGN
34207,29,27,1269.790004629188,3800.867644913088,17,2,3,0,0,31152,21,BENIGN
42939,48,1,74258.15638229891,4632.570891434711,6,2,3,0,1,43103,8080,BENIGN
13274,17,41,61484.11799388564,1079.300796033202,6,1,4,1,1,57992,22,BENIGN
14709,28,14,74452.8832445986,4364.115257728655,17,3,3,0,0,20445,80,PortScan
13405,9,21,83088.66328202971,1954.229205755754,6,2,3,0,0,55752,21,PortScan
10230,6,21,63866.77939671489,4161.80354068843,17,4,3,0,0,2004,80,BENIGN
46095,46,14,97704.68311069996,350.15915780867624,6,3,3,1,0,16125,21,FTP-Patator
12705,21,36,98595.14994772666,3500.1486694880273,6,4,4,1,1,63029,21,BENIGN
19558,12,25,32589.617431384686,264.9548195166911,17,4,1,0,1,42386,8080,PortScan
46887,31,2,64949.828936418344,2943.8144264358107,6,1,3,1,1,21758,22,BENIGN
30998,47,23,42177.13078106047,109.94524938018017,6,0,0,1,1,24901,80,BENIGN
31275,39,30,62771.937331912115,204.66841903783688,17,3,1,0,0,62328,80,BENIGN
7969,49,15,38657.21611271958,596.2667310206152,17,2,3,0,0,51576,80,BENIGN
26205,36,13,56872.19565838861,4024.9229062994277,6,1,2,1,0,1357,80,DDoS
19501,11,46,80833.37146230089,2422.947178404936,17,4,3,0,1,2067,80,BENIGN
21371,24,21,20309.25355116417,2192.612742344342,6,3,0,1,0,28578,443,PortScan
13086,33,27,33281.279597164634,3580.1210666330226,6,3,2,0,1,47387,22,FTP-Patator
45555,32,42,36379.400175411734,3819.8929837258584,6,2,0,0,1,57558,21,DDoS
8012,22,13,29444.008700306404,3075.325071724945,17,4,3,1,0,1602,443,BENIGN
25812,45,42,95837.32815377323,511.3839891618597,17,3,2,0,0,65308,8080,BENIGN
16937,18,21,20373.83655613867,326.2025345959548,17,1,3,1,1,42846,443,FTP-Patator
24393,7,39,85193.78833951184,374.98518312807965,6,0,2,1,0,46894,80,BENIGN
37992,32,18,30793.922040181107,2691.694842542734,6,3,4,0,0,2811,8080,BENIGN
43802,24,21,10861.08635792464,852.8771029295762,17,4,2,1,1,17882,80,BENIGN
22175,47,39,45155.15711117994,1860.5087913285724,6,0,0,0,0,30351,22,BENIGN
364,27,42,22174.285833456062,4060.930206165786,17,4,0,0,1,11571,21,FTP-Patator
32501,5,26,27261.083193530434,1321.9084536541945,17,4,1,1,0,2190,443,BENIGN
43658,31,33,99720.35595417522,893.241812320816,6,3,2,0,1,55436,8080,FTP-Patator
11363,12,10,84450.95943952924,2631.4194087678366,17,3,2,1,0,10647,8080,BENIGN
45508,30,31,73032.355923908,2989.6089116157127,17,3,0,1,1,8844,443,BENIGN
46468,16,3,29937.100928557167,4026.656839121831,17,0,1,0,1,29102,21,BENIGN
29131,3,13,57961.17364177501,3418.5718792004177,6,2,0,1,0,10796,22,BENIGN
7197,24,11,54005.56385946986,3665.937882511323,6,2,1,1,1,53178,22,BENIGN
37437,47,13,81003.88865704018,4703.646456065858,17,4,4,0,0,13127,80,BENIGN
31293,35,45,25685.94833618388,3745.923483902856,6,4,4,1,1,14678,22,FTP-Patator
42087,44,13,17208.86385294531,1973.561900963177,6,0,4,0,0,10431,21,BENIGN
44927,8,5,58752.25532534176,2396.4296754806164,17,0,0,1,1,40533,80,BENIGN
45478,5,26,24634.08119177738,3771.2548622163604,17,4,3,0,0,64962,443,DDoS
28131,14,49,16379.530560109897,1248.6507887977375,17,1,0,0,0,26840,443,FTP-Patator
21803,45,9,23879.05322015085,2126.4993856608135,6,2,2,0,0,27944,443,BENIGN
23510,23,34,97643.36843618695,1604.0101288052506,6,2,3,1,1,46758,22,BENIGN
47647,30,14,7512.232614878226,4459.279216828514,17,3,3,0,0,24698,443,FTP-Patator
48452,7,48,20083.931205094093,4405.75002652679,6,4,3,1,0,38693,8080,PortScan
2687,1,40,47015.24918404773,4025.6339306695677,17,2,4,0,0,34108,80,BENIGN
15997,44,17,22202.094056225476,411.2515511256075,17,0,2,0,0,45587,21,FTP-Patator
12081,18,17,1322.6809401759788,4149.316357933673,17,2,1,1,1,58551,22,BENIGN
6924,34,39,85719.13534633782,1194.925504466936,6,2,2,0,0,18781,22,BENIGN
31464,25,39,58763.02815237667,4380.999362871198,6,1,3,1,0,9432,8080,PortScan
10537,4,29,93533.10763289909,3255.0286944685186,6,1,1,1,1,8863,22,BENIGN
32962,35,7,52654.966952737974,4177.244967442387,6,0,0,1,1,17110,80,FTP-Patator
21336,12,16,48132.37979865633,1841.2757194554158,6,4,2,0,1,27073,21,PortScan
39173,28,35,82274.36224268205,1123.0964982720463,17,3,2,1,1,27774,80,BENIGN
7072,45,36,46255.23276608841,1803.5577806347437,17,2,2,0,0,22388,443,BENIGN
26155,29,10,37434.86465911087,1433.313992842518,6,0,1,0,1,16568,21,BENIGN
32625,46,36,36616.290389746355,4986.8841425380715,17,4,2,0,0,37234,80,BENIGN
17122,18,15,25296.97576321397,3609.295112939096,17,1,3,0,1,45953,21,BENIGN
35174,43,46,13995.960162295713,1562.8133163666118,6,0,0,1,0,55731,21,BENIGN
41360,10,34,51504.040766553146,3737.377836146516,17,1,0,0,0,46135,22,FTP-Patator
38286,1,4,36833.5680423132,2579.5926937121053,17,3,3,0,1,1366,21,DDoS
24240,27,31,86311.00907633698,435.0666163065354,6,0,1,1,1,46933,21,FTP-Patator
16707,43,10,96349.40858166548,2762.4632725796837,17,4,0,0,0,62218,80,BENIGN
48043,48,13,92834.66336184104,2395.7931656994183,6,0,1,0,0,57792,80,PortScan
29811,42,12,71871.79541702653,131.78820730424204,17,4,1,0,1,27345,443,BENIGN
5113,21,20,92409.24385754412,2200.439515680483,17,1,2,1,0,61468,22,BENIGN
21970,32,27,19760.358054109096,2805.437823260192,6,1,4,0,0,32730,80,BENIGN
43678,23,45,12303.58527848039,3988.628848648325,17,4,3,0,1,36876,80,BENIGN
8414,23,25,86072.68815952196,729.7966437681991,6,3,0,1,1,3164,22,PortScan
1059,9,16,19850.22301293001,750.0233137732151,6,1,2,0,0,56476,443,BENIGN
32347,15,43,44025.461706846254,408.40680066454524,6,4,2,1,1,1818,21,BENIGN
35241,43,17,19049.154272036598,4384.494216487497,6,4,2,1,1,43755,21,BENIGN
32735,29,21,1366.6721445600642,1562.523000910388,6,2,0,1,0,2862,21,BENIGN
21131,4,16,47462.78337139919,2580.9505678338214,17,4,1,1,1,5153,443,BENIGN
46485,45,5,84936.88024454392,1393.0444896470037,6,0,4,1,0,27316,443,BENIGN
19239,18,30,17112.632872522445,377.03530092330044,6,0,1,1,1,17391,21,FTP-Patator
5512,13,19,62210.23060637698,2857.580537594623,17,0,3,0,0,8393,21,BENIGN
48676,37,23,42156.12921615161,1487.117413766247,17,3,2,0,1,45629,443,BENIGN
27667,15,46,96377.55713432029,4607.847624515149,6,2,3,1,1,35923,21,BENIGN
43279,20,33,69206.11990527766,3305.4743583972004,6,3,2,1,1,56824,443,PortScan
20069,7,28,33840.76261611926,2143.5272562396726,17,3,1,1,1,54250,8080,PortScan
44153,29,28,45369.77552273967,4452.492260586601,6,1,0,0,1,59765,443,BENIGN
4882,17,16,72150.54775066681,41.10220027688193,17,2,0,0,1,39852,8080,BENIGN
20779,32,46,26959.545741866783,3072.4165262852835,6,1,1,0,0,46254,22,BENIGN
4075,34,15,28313.71844946018,251.6652623665423,6,0,2,0,1,36230,8080,BENIGN
38132,46,6,17563.54146398947,764.2906869306995,6,4,3,1,1,24015,443,BENIGN
48380,42,24,92717.40770043628,109.6986897044108,6,0,0,1,0,38223,21,BENIGN
8226,46,9,93277.82031580886,3793.833746185263,6,2,4,1,0,19082,443,BENIGN
16195,49,34,70221.9594055465,4970.087684504624,17,3,3,0,0,31973,443,BENIGN
32651,25,38,56706.211388934964,1734.4763255546725,6,4,2,1,1,6463,80,BENIGN
45709,15,25,67732.54083513019,1667.5749633054083,17,4,4,0,0,37118,443,DDoS
22814,38,38,53949.19917608549,3101.8660257243832,6,4,2,0,1,32975,22,FTP-Patator
35848,8,11,27782.62163488597,4348.246022347522,17,0,0,0,1,65364,80,BENIGN
7807,43,14,77716.17542183887,2071.338733027135,6,3,2,1,1,51984,22,BENIGN
11016,1,40,85589.00537549712,1656.124163066156,17,2,0,1,1,64912,80,PortScan
4239,7,20,95363.60098518127,1176.5105266882706,17,4,4,1,0,45146,21,FTP-Patator
331,33,45,4881.065113580408,3890.8222464002333,17,2,1,0,1,64265,443,BENIGN
30301,40,46,41545.14660440643,4560.48113322862,6,2,0,1,0,2163,21,FTP-Patator
5295,22,28,38076.32683961308,731.9737834438737,6,1,1,0,1,58797,22,BENIGN
46056,6,40,28113.06444810983,4783.046607969472,6,2,4,1,0,57503,80,PortScan
25570,5,10,79071.6229317619,4210.591137127901,6,1,3,1,0,40303,21,BENIGN
12094,49,36,85360.07109533578,2101.8817595655,6,0,1,1,0,13483,21,BENIGN
47439,40,13,99025.94410616287,633.4127915675549,17,2,2,1,1,16781,21,BENIGN
47670,42,43,13206.19126842016,4873.635858054014,17,1,2,0,0,36151,22,BENIGN
43993,18,1,5481.460195576027,3251.5166118843736,6,0,4,1,0,14164,21,BENIGN
13745,31,41,24162.03318495742,4446.5460602709,17,0,0,1,1,19176,80,FTP-Patator
46056,33,19,2320.908724980508,567.9396797082924,6,1,2,1,1,17569,80,PortScan
38423,29,3,79765.31379883771,2037.524909975036,6,4,3,0,0,47089,8080,PortScan
12539,29,4,1550.226743686762,4710.882185514497,17,0,1,0,0,49326,80,BENIGN
38519,2,3,18319.16374084997,4981.783662699731,17,3,3,0,1,53934,80,PortScan
9667,1,8,47877.50405135358,4018.090529439016,17,0,3,0,0,24480,21,BENIGN
31098,9,37,50058.541501448155,2398.2009858384918,6,4,4,1,0,18914,21,BENIGN
246,24,26,73141.72200203537,2958.824116252623,6,3,1,0,0,50280,80,DDoS
42326,37,19,11300.79155752389,3027.861269905849,17,1,2,0,0,61709,21,BENIGN
23856,4,37,19228.444578125953,680.6249344569923,6,0,0,1,0,37376,8080,DDoS
2715,16,32,27663.167264758857,2266.5336166694738,17,0,1,0,0,3091,443,BENIGN
12981,36,29,56797.800364489936,3330.6975230956728,6,3,4,1,0,45458,22,BENIGN
9684,46,47,79381.19760280084,4722.023402357062,17,1,1,1,1,13156,443,BENIGN
16169,23,44,83131.02881744539,3192.7397961278243,17,2,3,1,0,55344,8080,PortScan
29306,47,3,42908.78021892502,3257.335264298983,6,4,3,0,1,33056,21,DDoS
4568,48,42,85915.77121783346,3900.042697906032,6,1,0,0,1,20089,80,FTP-Patator
38865,25,37,48380.62044205355,2337.9445406263962,17,2,4,0,1,59639,22,BENIGN
14498,16,36,20156.631048664756,1588.6518236078268,17,1,3,0,0,39401,80,BENIGN
9354,18,30,63056.38141352627,3769.3774177801547,6,0,4,0,1,51905,8080,BENIGN
47101,9,9,2486.7506508517968,4986.4877365016955,17,3,3,1,0,61056,443,BENIGN
29758,21,12,18818.694416926854,2027.5022961043157,17,1,1,0,1,23446,21,PortScan
16590,22,46,65031.2732964988,4686.923539861765,17,4,4,1,0,18003,443,BENIGN
39990,22,35,8921.664626250507,3142.9709611765998,17,3,4,1,1,56786,21,BENIGN
25441,18,39,16000.492340339242,4416.640819228112,17,1,4,0,1,19743,22,BENIGN
8373,13,5,73779.54466535627,3862.7140357572653,6,4,0,0,0,54218,21,BENIGN
38190,2,49,9992.694077562133,4248.516277563418,17,3,3,0,1,35900,80,BENIGN
11409,39,29,24986.140227690765,489.48833537443915,17,1,0,0,0,59215,22,PortScan
11119,43,34,61794.35620013625,3149.761974752961,17,0,2,0,0,19338,80,FTP-Patator
49505,34,31,74694.02906479218,2107.1912471098576,6,2,3,0,1,54717,443,FTP-Patator
31593,13,21,73507.8450509081,2999.500277737498,6,0,0,0,0,57038,21,BENIGN
40557,33,15,3064.518902641438,1008.5404085796824,6,3,0,1,1,54105,80,FTP-Patator
23149,8,22,31647.77800036253,1041.603991826574,17,3,0,1,0,53238,21,FTP-Patator
33000,33,4,37256.56021448052,2533.610424415274,6,1,2,0,0,17126,21,BENIGN
34070,16,20,66491.56059558183,4676.01623174982,17,1,2,0,1,18248,80,BENIGN
31087,33,21,18570.187073080982,3685.856587257122,17,1,1,1,1,14648,21,BENIGN
31133,19,29,1130.7272818536148,182.42862668519598,17,0,2,0,0,64815,443,BENIGN
21392,47,37,68189.49894774448,1257.7599333660792,6,4,0,1,0,50733,22,DDoS
15338,26,39,4253.951808554198,4714.760965245271,6,3,3,1,0,51316,22,BENIGN
10659,21,20,68436.90395632121,58.00772904067968,17,4,3,0,1,5112,443,BENIGN
32707,10,6,71181.08116591767,2071.2386355978397,17,0,2,0,0,16010,21,FTP-Patator
23941,27,17,11668.11349092853,263.6004659953028,17,4,4,0,1,3202,80,BENIGN
27984,15,39,6905.0698250407295,2211.6586707677047,6,1,3,0,0,32695,443,BENIGN
17594,41,18,79777.28428091158,355.55988114541464,17,4,0,0,1,16246,21,FTP-Patator
10376,46,24,12191.744791919149,2104.272258356032,17,0,2,1,0,34603,80,DDoS
22806,2,29,8941.750624884611,849.1796209032748,17,3,3,1,0,46243,22,BENIGN
26186,4,18,76569.8621254431,4410.045019527809,17,3,0,1,0,49629,80,BENIGN
17734,32,43,65501.57459443966,650.7658424891471,6,1,0,0,1,23655,21,BENIGN
33228,45,15,79894.35362858696,2975.1174696810235,6,1,4,0,1,51498,443,BENIGN
42225,15,36,50296.19968173397,1722.5991315581384,6,0,0,0,0,62262,443,BENIGN
10916,17,5,23305.67679091829,3990.3062509555475,17,1,1,1,1,19051,8080,FTP-Patator
38839,31,22,48158.431570898414,4989.959196378354,17,4,4,0,1,61987,80,BENIGN
45257,30,35,36388.70174343394,4459.05269366593,6,0,4,1,0,49151,443,PortScan
5458,29,40,45080.37051275287,2221.608770308804,17,2,2,1,0,36214,22,BENIGN
21714,36,35,60663.72345176625,4164.895274226587,17,2,4,1,1,51964,8080,BENIGN
42276,22,17,10157.188331882235,2520.561672973903,17,1,3,0,0,33040,21,BENIGN
26109,6,41,73379.3803951812,1645.7859319333656,6,4,0,0,1,2248,22,PortScan
37970,20,40,89784.0422532677,3459.155910979388,17,3,2,1,0,12872,8080,BENIGN
45690,32,25,41146.356679101176,1883.4503836182723,6,4,1,1,0,42089,8080,FTP-Patator
36295,8,2,48381.93519898487,1540.642631144608,6,2,1,1,0,1702,22,BENIGN
32982,23,25,7415.089087609612,4437.613782791522,17,4,3,1,0,53150,22,PortScan
9042,12,28,69664.42862615937,3069.6728392953573,17,1,4,1,0,48227,80,BENIGN
16000,48,10,46011.215972996724,4373.179859654523,17,4,4,1,1,10919,21,BENIGN
874,1,20,51837.34021881483,3245.228109720088,17,0,1,1,1,50592,80,BENIGN
27950,41,37,27326.610215569985,3685.2037473823684,17,0,1,1,1,32131,8080,BENIGN
23022,4,20,30015.32523016926,4911.658948852846,6,1,3,0,1,65505,21,BENIGN
16839,49,21,13331.354504135372,2214.0628232632685,17,3,3,0,0,16496,22,BENIGN
24685,25,48,69499.64914459585,4979.400587831508,6,1,3,0,0,30058,443,BENIGN
37064,35,48,12715.848469197123,3619.5451994916193,17,2,1,1,0,57078,21,FTP-Patator
21987,37,13,50047.5522403367,749.4500294089258,6,4,2,1,1,19402,443,FTP-Patator
21333,23,43,90386.50152945307,2355.7208621861014,17,1,3,0,0,33760,443,BENIGN
31387,46,22,35473.26340646154,2866.8970216046314,17,4,1,1,0,31095,80,BENIGN
16385,2,48,2425.9324111596447,118.5728542228765,17,2,2,0,0,9848,22,BENIGN
4710,3,12,36381.862800412964,3165.3964514999434,6,1,3,0,0,31902,80,BENIGN
18109,49,11,13693.180527081375,3985.205143262619,6,3,1,0,1,15132,80,PortScan
27648,41,29,5125.578535654628,2762.8896906171262,6,4,0,0,1,45806,80,BENIGN
2465,8,43,52411.68878242526,1626.318241889033,17,1,2,1,0,27481,443,BENIGN
4219,17,37,48997.39427189444,4677.258070068233,17,1,1,0,1,31236,21,BENIGN
23885,45,33,87119.93073457002,4718.261531004846,6,3,1,0,1,23384,8080,BENIGN
40414,1,22,75780.76180059255,3500.7460163601118,6,0,4,1,0,20984,80,PortScan
392,44,23,61323.66599947747,2975.1947722577856,6,2,1,0,1,42619,21,BENIGN
45614,44,17,48233.30396283341,1586.4952555526886,17,3,2,0,0,26884,80,PortScan
31889,4,15,42734.368327767275,957.2682177751491,17,1,3,1,1,28647,8080,BENIGN
35896,23,9,51283.167993958625,4059.13695933098,17,1,1,1,1,59133,80,BENIGN
34655,19,35,90765.64823671187,2597.554086356413,17,4,0,0,0,2175,443,BENIGN
6035,38,23,67460.65804261791,2441.823965501412,6,3,0,0,1,11896,22,BENIGN
40673,25,29,71821.33067129544,3800.222227589965,6,3,1,1,1,45293,22,BENIGN
46573,19,27,30332.49277009648,1219.0615263420411,6,0,0,1,0,18146,22,BENIGN
45144,6,14,30875.967859155335,445.1334485156303,17,4,0,0,1,57099,8080,BENIGN
12871,31,20,19909.63066544294,1793.0779781642268,17,0,2,1,1,34264,22,BENIGN
23654,3,30,31881.94126623357,439.9467616440719,6,4,3,1,1,61179,21,BENIGN
9757,20,45,86084.12596239049,2502.0737977456074,17,1,1,1,0,14063,443,BENIGN
33731,23,28,45813.35839244492,4404.575219704448,17,3,2,1,1,22066,443,BENIGN
4276,21,4,84736.77003639766,1775.9223221776665,17,4,1,1,1,38022,22,BENIGN
7795,46,34,92575.32126361424,1586.4112414956176,17,1,1,0,0,38514,8080,PortScan
16133,28,3,41355.282054308715,1637.5855876250744,6,3,3,0,1,6872,8080,DDoS
7085,25,4,95587.15091435492,1553.6207749176563,17,4,1,0,1,62608,21,BENIGN
27213,19,12,52.22321298398707,876.6111170654808,17,0,3,1,1,11546,21,BENIGN
49488,15,11,14641.430409862473,2814.8580194397464,6,2,0,0,1,28724,22,PortScan
42335,49,13,92039.66613544052,2327.109872280287,6,2,3,1,1,57840,80,BENIGN
32394,24,41,37293.729959210636,4567.336315902804,17,2,4,0,1,7180,22,PortScan
48766,16,49,13537.991577202076,1689.3254930403596,6,1,3,1,0,24719,22,BENIGN
29586,30,29,34652.96877024658,4623.141278603727,17,3,0,1,0,53667,443,BENIGN
43864,23,4,1419.1436404201906,4162.817641719332,6,2,1,0,1,1651,22,PortScan
43599,39,26,11875.274336666005,1408.149806230165,6,3,3,0,1,62380,80,BENIGN
426,47,4,16554.001541942263,3832.9466217679355,6,1,3,1,1,20506,22,DDoS
38997,2,23,58526.46564939368,1458.8154837426673,17,1,2,0,1,19100,443,BENIGN
15085,28,16,70636.82277045942,2766.5911135032243,6,4,3,0,1,54672,22,BENIGN
12230,36,13,39116.9941446939,3397.9095912216135,6,1,2,0,0,55655,8080,BENIGN
39953,1,46,61917.95324783538,1251.8197272088694,6,2,1,0,0,42118,21,PortScan
45662,33,49,13607.542367275704,2550.735406630819,6,3,0,0,1,17032,22,PortScan
1199,48,15,23574.166737783005,3900.8463569383143,6,2,1,0,1,40718,80,BENIGN
6147,15,20,36827.59468383102,3021.3543366525687,6,1,2,1,0,61114,21,BENIGN
16228,15,48,29862.139330585927,666.4720578514384,17,0,4,0,0,40336,8080,BENIGN
49471,21,23,6164.316435987933,3473.163898736795,6,3,4,0,0,48410,80,BENIGN
10379,40,39,14116.635770640876,2430.1327610961944,17,4,0,0,1,24790,80,BENIGN
5241,20,11,11282.119247316774,4353.617252963558,17,1,1,1,1,40111,80,BENIGN
46638,37,42,2611.2252783786316,4469.595766819475,17,3,0,0,0,7011,8080,BENIGN
35317,34,18,10906.516311030347,2399.573665794071,6,2,1,1,1,52224,8080,DDoS
9970,42,28,83754.62208937382,845.6536167814394,6,3,4,1,1,33621,80,PortScan
42378,16,22,19264.93667816865,1500.6707960422118,17,4,2,1,0,44904,80,PortScan
27074,38,6,81036.00315916908,1855.0544682112575,17,0,2,1,1,45920,80,BENIGN
14247,41,9,41337.08052346293,2375.634072115443,17,3,3,1,1,61805,8080,PortScan
8834,49,13,73341.00633227298,1090.8007385675974,17,0,0,1,0,2368,443,FTP-Patator
19910,20,19,11206.420696006619,1257.0001780859805,6,2,3,1,1,30176,8080,BENIGN
37622,49,32,799.6656587228326,1892.717580474373,17,3,2,1,1,46080,8080,BENIGN
13064,30,17,38531.970328872216,2118.4480506260156,17,4,2,1,0,9254,80,PortScan
31022,22,29,13571.930558078724,2751.123875462084,17,4,0,1,1,56889,80,BENIGN
22095,49,27,43344.52136498589,26.491756332258422,17,2,1,1,1,28411,443,FTP-Patator
24431,2,47,38820.99359388513,2120.299061950357,6,2,1,1,1,59383,443,BENIGN
46620,5,42,30903.328702488354,1738.5230946499503,17,2,2,1,1,39837,80,FTP-Patator
13409,48,17,28503.13828495769,2283.8875947833935,6,3,1,1,0,30140,21,BENIGN
48500,10,38,7321.72076676015,3447.1268792493806,6,3,1,0,1,27402,8080,PortScan
28320,24,15,48456.86134070423,132.24798172987474,6,0,3,0,1,35462,22,DDoS
30428,17,8,106.7455240620966,4638.278770873402,17,4,0,1,1,16577,443,BENIGN
45550,2,37,50234.524430296944,1928.2133186687556,6,4,3,1,0,10036,22,BENIGN
9722,44,42,49179.77179451413,904.3161666901093,17,4,3,1,1,37192,8080,BENIGN
24579,26,4,40736.95985683303,1470.4181211365162,6,1,2,1,1,62555,8080,BENIGN
20547,8,3,62244.065806720784,3680.3027695933647,6,2,4,1,0,65066,21,BENIGN
2333,49,41,87807.41902882718,4101.560732578,6,3,4,0,0,46978,80,BENIGN
8951,9,9,87670.7574366832,3678.584684591315,17,0,1,1,0,46584,443,BENIGN
29464,27,13,93417.8377223115,3647.029201314386,17,2,4,0,0,35421,21,PortScan
28427,42,19,17149.03836619028,1785.0885813404905,17,4,3,1,0,18757,22,PortScan
4307,46,34,11974.863647778031,1195.6576661516613,17,0,4,0,0,59696,8080,PortScan
5179,14,22,23082.37711747542,1996.1097462750308,17,4,1,1,1,52553,443,BENIGN
41794,12,7,92368.51266859904,1155.9752449416435,17,3,3,0,0,5098,80,BENIGN
30067,49,41,26827.05444667349,3026.5427246718036,6,4,2,0,0,15847,21,BENIGN
8868,41,6,33555.720134414194,1441.2455198367227,6,2,4,0,0,27432,22,PortScan
13986,5,22,36363.659007159884,2470.404003028478,6,1,2,1,1,56592,80,BENIGN
30652,35,21,22150.81183286226,3796.399400168059,6,4,0,1,0,15432,22,DDoS
28661,27,33,57552.81771526659,2387.4330090642825,17,4,4,0,0,15466,22,FTP-Patator
20687,43,45,49004.020979168155,4284.344593956047,6,4,0,1,1,31369,21,BENIGN
40347,34,8,15190.865698658907,112.41643530241267,17,0,1,1,1,24847,80,BENIGN
1474,17,7,89917.9660772177,2278.2953925434726,6,0,3,0,0,40225,8080,BENIGN
29600,10,47,58515.30825247197,4851.583658900141,6,1,4,0,1,14911,80,BENIGN
20557,39,3,4535.842233719206,1475.3054747457923,6,2,0,1,1,31557,443,BENIGN
17548,9,37,1456.2792066989693,182.76689277861485,6,4,4,1,1,33771,80,BENIGN
11463,6,32,35541.81915290081,2399.097906169444,17,1,2,1,0,25545,22,DDoS
11690,46,46,32496.771433510057,2073.3591589545244,6,1,1,0,0,32284,21,BENIGN
19325,23,46,40934.69093876849,1043.364013998954,6,0,2,0,0,10861,443,FTP-Patator
8096,48,32,49870.535933520245,4018.4742572547393,17,2,0,1,0,59817,21,BENIGN
27404,20,47,68746.56466790706,4389.835810696978,17,1,4,1,1,25468,21,PortScan
27606,22,26,73880.84484510064,3972.073712867329,17,1,4,1,1,31975,443,BENIGN
13811,38,32,31527.09546762306,1909.548973088177,17,3,1,1,1,8002,443,BENIGN
44628,17,12,71782.07365675853,776.2307634990991,6,0,0,0,0,27848,22,BENIGN
5660,1,24,65032.017292527526,2586.5894511574525,6,0,1,1,1,28260,80,BENIGN
5935,27,2,31066.22828034943,3875.685075209796,6,4,2,1,0,53778,21,BENIGN
24275,46,41,88324.5761787371,4292.270771200426,17,3,3,0,0,2126,21,BENIGN
22889,31,20,27208.604283767352,1555.1246392136188,6,1,2,0,1,57571,443,BENIGN
3607,22,13,49428.13963061606,4622.45331448946,17,3,1,1,1,14667,21,FTP-Patator
23997,23,33,42989.86067985815,2930.9316221281356,6,4,4,0,0,11570,21,BENIGN
12303,5,7,27123.900168157175,1401.5465678387986,6,4,1,1,1,29945,443,BENIGN
7107,1,26,16016.419808873688,2091.2365370265684,17,1,3,1,0,43239,8080,BENIGN
43901,10,48,86230.337650127,823.7841407040593,17,3,3,1,0,8838,21,BENIGN
24590,35,40,80999.37049914872,1730.9811683814892,6,0,2,0,1,53452,80,BENIGN
31332,12,49,7714.624161836925,4489.972566402179,17,2,2,0,0,15585,22,PortScan
31817,42,2,31619.239108939004,1928.8358313851602,17,1,2,1,0,26116,21,DDoS
4301,28,34,88482.52592867074,4335.950028307096,6,3,0,0,1,4582,22,PortScan
7624,31,12,60293.44921809649,2582.2548625075597,17,0,1,1,1,54486,443,BENIGN
28612,5,36,67767.26709887486,4865.512028410126,17,2,0,1,0,22684,80,BENIGN
40437,14,49,20548.029546293772,2388.345354544008,6,2,1,0,0,34645,443,BENIGN
15759,28,4,30116.347419672325,3779.232125132387,17,2,3,1,1,6840,8080,BENIGN
7237,8,38,286.68079678752673,1570.0436130336202,17,3,0,0,0,17477,8080,BENIGN
864,49,20,28964.188454622123,1831.837750576204,17,3,1,1,1,31316,443,FTP-Patator
5312,42,35,1788.8772063716885,3939.420808311877,6,0,2,0,1,3923,21,BENIGN
11076,22,14,19625.068945351668,4710.6675241361645,17,3,3,0,0,9898,21,BENIGN
42825,12,15,92324.58220966451,2688.1856513695834,6,1,4,1,1,7354,443,BENIGN
18866,43,34,15028.055722697865,4608.820812021969,17,0,1,1,0,58340,21,DDoS
39803,27,33,41461.45705418474,4805.733721872923,6,0,2,1,0,56523,80,BENIGN
979,18,25,44160.22882035173,3879.1336626289526,6,1,0,1,1,57398,21,BENIGN
35816,2,49,89057.57438955313,1843.221448378521,17,1,2,0,1,8402,21,BENIGN
9618,47,16,55058.666213408665,4702.487650453037,6,1,0,1,1,16224,22,PortScan
41701,27,27,7478.341860753664,3393.338602280233,6,0,3,1,1,36962,443,BENIGN
33771,20,44,1168.2282097798934,200.10820041150453,6,3,4,0,0,45911,21,PortScan
17215,10,11,26700.92569288389,3470.565126546772,6,4,3,0,0,10927,443,BENIGN
24288,37,27,62853.10970857965,3666.7541723278982,17,1,0,0,1,46423,21,BENIGN
48469,1,36,11972.61957311424,1805.008193373925,17,3,0,0,1,29602,21,BENIGN
42425,37,45,31769.15644770895,2009.4773758260062,6,0,3,1,0,27864,443,PortScan
43385,18,40,33743.08209146904,1900.8767277686497,6,0,0,1,1,9875,80,FTP-Patator
16920,1,42,9812.72768958241,3155.0015730557684,17,2,1,0,1,25580,21,BENIGN
2322,3,19,86108.71331086445,927.0944417050497,17,4,0,0,1,48771,22,FTP-Patator
36804,3,22,57133.36686356637,2835.5183659248346,17,2,4,0,0,50942,80,PortScan
17682,15,25,60367.557060420906,701.0365729515485,6,4,3,1,1,63147,21,BENIGN
3140,31,42,16175.34390953793,38.586139401555414,6,3,1,0,1,2869,8080,BENIGN
5045,31,8,57949.305842458976,371.28175069219867,6,3,3,0,1,46234,8080,FTP-Patator
43804,1,25,64131.84908064589,4221.937459632574,6,3,3,1,0,37761,8080,BENIGN
15865,4,2,71966.56848170175,2359.086402044041,17,3,1,1,0,22819,8080,PortScan
48968,18,4,7188.847055594081,2074.9287236375126,17,4,4,1,1,7214,22,BENIGN
15717,12,2,83894.48921359467,1587.6875687264278,17,2,4,0,1,5015,21,BENIGN
3864,37,10,71027.62923735309,496.14796789939504,6,0,3,0,0,57534,80,BENIGN
45611,22,49,46357.000832796715,1355.4320770318716,6,1,4,0,1,42663,80,PortScan
47442,33,14,44566.47959068517,3513.4663193584497,17,2,4,1,1,26799,8080,BENIGN
38150,1,2,27186.52890296038,17.621110470648414,6,2,3,0,1,18042,8080,FTP-Patator
33393,31,38,9014.878714774937,3721.891314380601,6,1,0,0,0,30376,22,BENIGN
8978,33,24,6240.273108005473,3615.544321631705,17,0,0,0,1,35293,21,DDoS
6285,4,40,49202.04805173224,4648.790891559219,17,0,3,1,0,48698,21,BENIGN
15926,36,4,72156.41212291196,206.74337728561898,17,0,3,0,1,64139,80,DDoS
38516,26,31,58152.409032752155,2205.504877767613,6,0,1,1,0,31633,443,BENIGN
1213,11,3,35521.331447463046,3320.5699371536566,17,2,2,1,0,17434,22,BENIGN
40147,45,5,99174.61785236896,3232.037573208467,6,4,0,0,1,64261,8080,BENIGN
8673,2,30,9567.702916248614,2811.546320968048,17,3,1,0,0,55939,22,BENIGN
31431,24,9,88587.7948491751,1797.5837651209952,6,0,2,1,1,59738,443,PortScan
38759,37,42,80989.81334916712,4484.588212644501,17,1,2,0,1,10436,8080,FTP-Patator
25112,6,38,2531.111829869306,2754.694031605367,17,2,1,0,0,31297,80,BENIGN
3144,10,48,77297.40645537742,832.4982934355153,17,4,2,1,0,36520,443,DDoS
10951,8,18,35603.350688022634,2078.8319673047617,6,1,2,1,1,25451,22,BENIGN
11042,12,8,13031.07364974768,2118.377816913115,17,3,0,1,0,27470,8080,BENIGN
14036,14,14,25364.93894246998,4943.424104066354,6,1,2,0,0,40696,80,BENIGN
31756,23,47,23211.057786042293,2509.696154738986,6,2,1,0,0,41797,80,FTP-Patator
5377,20,2,64691.688909900986,4369.428992159639,6,0,4,0,1,2172,22,BENIGN
25387,1,8,50028.272299493576,1520.2894710134428,17,4,2,0,0,15045,22,BENIGN
31557,45,38,560.4605793780677,813.3988728059971,6,1,4,1,1,18437,80,BENIGN
10670,14,8,12778.601749110565,2320.895142262667,17,1,3,0,1,49147,22,BENIGN
4915,5,3,27458.47614868152,3448.2173326669804,6,4,3,0,0,36171,8080,FTP-Patator
8477,18,15,15682.080897559315,196.89677616018344,6,2,0,1,0,53343,22,BENIGN
39008,18,25,15699.74421959462,1434.911539267372,17,1,4,0,0,16990,8080,BENIGN
28111,10,13,42253.25424550004,3588.401727955892,17,1,1,1,0,39843,80,BENIGN
33729,31,24,38850.678022575485,3189.6306579841967,17,1,4,1,1,20725,22,BENIGN
11244,9,49,35787.57559977217,3735.3707752144637,17,1,1,1,0,40260,443,BENIGN
26772,27,20,95896.7947286567,1319.0472990029152,6,4,2,0,1,8040,8080,FTP-Patator
9970,5,18,17822.321806313106,2378.9700521701343,6,1,0,0,1,38241,8080,BENIGN
28054,36,6,39311.378107967685,4462.48901712422,6,3,4,1,0,20580,80,DDoS
41181,46,48,44413.75495458347,1450.6260472817441,6,3,2,1,1,32107,22,BENIGN
17440,28,24,62073.656337661494,993.5987549670991,17,3,2,0,1,34516,22,BENIGN
26947,14,36,23535.036171838314,2284.059111626424,6,3,2,1,1,40326,22,DDoS
36713,20,44,69930.66095240843,13.680341197975238,6,0,0,0,0,3344,21,BENIGN
31714,19,15,33909.3057074734,362.26568742608026,17,3,4,1,1,49378,80,BENIGN
8171,44,10,40794.29076049571,4821.704143031614,6,4,0,0,1,25747,21,BENIGN
30207,13,46,34393.64703128827,3060.819241237335,17,3,2,0,0,2913,22,BENIGN
24713,10,10,85824.1365784671,1226.0303343968988,6,0,2,1,1,10816,8080,BENIGN
46647,29,9,37682.34268026958,4940.0708626797095,17,0,2,1,0,5138,443,BENIGN
10680,44,33,96265.21892280814,573.0158739941702,6,0,1,1,0,44410,443,DDoS
17302,11,5,41612.9497206742,426.9680533515993,6,4,0,1,1,14532,8080,BENIGN
46139,49,13,48849.22190858942,4939.7835697729315,17,2,2,1,0,33420,8080,BENIGN
42012,3,21,2041.210250042171,4103.587339971289,17,3,1,1,1,65435,8080,PortScan
9846,45,8,77219.30696478554,2206.993113659645,17,4,2,0,0,17748,443,DDoS
14091,20,17,62479.823910233295,2849.8161011435845,6,0,4,1,0,62628,8080,DDoS
28151,7,32,77570.42714806028,3861.141819615403,17,0,1,1,1,20846,8080,BENIGN
15010,29,46,29298.2456631607,1479.6493412684229,17,4,4,0,0,55304,21,FTP-Patator
13711,27,31,3964.1596625212505,532.9694518144075,17,0,1,0,0,49288,8080,BENIGN
27280,20,29,66303.58436941166,3815.6640793734446,6,4,4,0,1,24523,443,BENIGN
32328,6,43,98971.35927967573,3776.286529094686,17,0,1,0,0,27349,21,BENIGN
6592,23,6,38235.14635646414,3096.4991745741963,6,3,2,0,0,63515,21,PortScan
43285,49,32,89122.64323822406,990.1343914005487,17,1,2,1,0,23403,80,FTP-Patator
48108,28,17,90070.44948321115,2103.5697213255107,17,0,0,1,1,23025,21,BENIGN
11173,23,44,30406.29487744932,2376.494303167758,6,1,0,1,1,38802,80,DDoS
29979,13,26,25988.906811657285,2946.7981509583938,6,3,2,0,0,24618,21,DDoS
39805,20,33,21659.50464167291,3421.318237570317,17,2,3,1,0,4079,8080,BENIGN
21973,44,19,80244.20062770297,967.6693308090885,6,4,2,1,0,17541,443,BENIGN
25450,46,2,14786.978762420627,4537.640596256426,17,2,1,0,0,31587,22,BENIGN
40729,43,47,67162.2483958401,3537.588941953832,6,0,2,1,0,3248,8080,BENIGN
19980,45,41,52672.94787747879,4346.6621610410175,17,2,0,1,0,38717,80,DDoS
40599,23,33,13453.780443524947,4310.064949133807,17,4,1,0,0,15723,443,BENIGN
3960,42,29,71208.86282108902,563.1610999142383,6,1,2,1,1,51518,443,BENIGN
35386,18,12,3363.473630584827,2975.9127242547293,6,4,2,1,0,62716,22,DDoS
26610,18,8,47963.104173958534,3944.780722159618,6,2,2,0,1,38325,443,BENIGN
35085,38,46,18105.067482437687,2747.0296636097833,6,2,4,0,1,16946,8080,BENIGN
10969,43,7,23607.74830394163,3589.5216397865674,17,3,0,1,1,12717,21,BENIGN
26754,15,9,18344.303863660745,880.6720530534425,6,0,4,1,0,62298,22,BENIGN
33322,11,33,23219.955470284254,2640.2795055360343,17,3,4,1,0,4846,80,BENIGN
30383,37,11,41204.060742794776,3850.5565812624245,17,2,4,0,1,18961,8080,BENIGN
34051,24,47,7038.353319889047,4586.206104209638,17,1,4,1,1,25576,8080,BENIGN
42827,2,38,60960.33774300554,2449.562781137062,6,1,2,0,1,23754,22,BENIGN
41288,49,18,26576.851795518272,1971.6356997534594,17,2,3,0,1,32244,21,BENIGN
26087,48,13,6460.067809901727,941.9745207533266,6,4,1,1,1,39981,80,BENIGN
2331,41,49,64842.23026929931,3642.419815587388,17,2,4,1,0,15585,8080,DDoS
5948,20,21,58530.76897640118,3847.498147337826,17,3,0,1,1,4288,80,PortScan
43632,2,37,31283.988730799818,71.77066621350932,6,3,4,0,0,35059,80,BENIGN
44943,19,29,94784.89514721814,2358.717510045346,17,4,3,1,0,30928,443,PortScan
43987,44,28,36362.31906334153,800.9267902530883,17,0,0,1,0,40759,80,BENIGN
21670,18,35,87485.08058015692,3048.650001035901,17,4,4,1,1,32969,21,PortScan
14975,39,32,99418.54635199929,4848.4410905337045,17,4,3,0,0,24456,8080,PortScan
4202,13,9,86011.28807982842,2800.230551457606,6,4,0,1,0,41103,8080,DDoS
16708,18,29,4993.356705626944,1049.3895590277614,6,4,4,0,1,13298,8080,PortScan
3700,5,48,35492.83080581662,3461.521805421807,17,3,2,0,0,32398,8080,PortScan
18373,46,14,74171.81105610497,1951.3956287326084,17,3,0,1,1,2789,80,BENIGN
48942,33,30,16801.81091473528,4050.6877424252452,17,2,3,0,1,14347,21,BENIGN
18994,23,3,82126.37633810462,4067.8845468858754,17,1,4,0,0,24578,8080,BENIGN
8490,12,35,96104.64935201412,3429.5205025004334,6,4,3,1,1,6870,21,BENIGN
18922,28,39,32180.10445081748,3977.165003483664,17,4,3,1,0,64081,22,BENIGN
29600,9,37,12703.882070306956,926.2845257086964,17,1,3,1,1,30863,8080,BENIGN
26208,2,38,42146.83689690843,289.59890066189615,17,3,4,0,0,13998,22,BENIGN
1950,45,9,59648.493356036015,345.608761097281,17,3,0,1,1,50251,8080,BENIGN
33351,7,3,64352.41088365817,2645.932513714539,6,4,2,1,1,62157,22,BENIGN
48107,11,35,82122.92787413704,3958.1251952532534,6,4,4,0,0,56651,80,BENIGN
35777,4,34,3159.868029034694,3881.012663140067,17,1,1,0,1,6278,80,FTP-Patator
37355,4,49,62414.09028549443,4931.833938180302,6,4,2,1,0,49743,22,BENIGN
34393,16,4,2388.51564641694,3738.763306401665,17,3,0,0,0,59848,80,PortScan
19337,14,15,79487.42403773495,2857.638604446239,6,0,2,0,0,34319,8080,BENIGN
6695,10,2,81962.02108036513,3045.4098805585854,6,4,1,1,1,11996,8080,BENIGN
2064,49,33,1759.6244282496032,1802.582611444653,6,3,3,0,0,11921,80,BENIGN
41545,23,22,60705.20214088737,3138.215262467462,17,4,1,1,0,8033,80,BENIGN
42883,4,35,92018.85181007879,1963.7080277117627,6,1,0,1,0,43430,80,BENIGN
41246,36,41,23206.09304724575,3118.8638293240065,17,0,0,0,1,1292,22,PortScan
24157,3,4,91685.51794038073,4311.2083016792385,17,2,0,1,0,49398,22,PortScan
34705,47,15,80962.74858784165,767.6151155727428,6,1,0,0,0,10184,8080,BENIGN
43893,21,46,16537.129791393934,2612.595988988921,17,1,2,0,0,49315,443,BENIGN
34221,5,25,11898.13748970157,2528.423723130705,6,4,0,1,0,6406,8080,BENIGN
28793,40,31,73938.85913525056,1580.9324863001611,17,0,1,1,0,38754,22,BENIGN
30167,39,31,2982.04682965864,369.1633104058304,6,3,3,0,0,17138,80,BENIGN
32398,4,11,82610.51381236492,2290.308116921791,17,0,1,1,0,14961,8080,BENIGN
31269,39,30,62608.317646683296,4682.67403240427,6,0,4,0,1,48307,443,BENIGN
14157,17,36,47956.364904744,4268.296039756846,17,2,4,1,0,49505,80,BENIGN
41553,13,46,93277.97631344848,3096.5578478963557,17,1,3,1,0,2410,80,BENIGN
4142,11,19,1610.9474758869692,4897.310121491226,6,3,3,1,0,2212,443,BENIGN
10645,12,28,56578.16085523819,4843.348657805951,6,1,1,1,1,61239,21,BENIGN
29322,15,23,68314.42308833699,3875.3961940457457,17,4,1,1,1,63081,8080,BENIGN
28769,19,28,60397.0406495934,248.78728831029682,17,0,3,0,1,33156,80,BENIGN
5216,34,3,43682.043909053515,3108.546522221443,6,0,3,1,0,31410,22,BENIGN
2660,6,2,1986.5792000657746,4489.248521847222,17,4,4,0,1,26920,8080,BENIGN
39859,45,42,41904.79814419067,3057.448545487396,6,0,1,0,0,50785,80,BENIGN
2356,21,47,66827.97632084948,2579.2151645159543,17,3,3,0,1,20932,21,BENIGN
42298,9,25,43026.90037356104,3013.196612385838,6,3,1,0,0,34881,8080,BENIGN
29535,45,11,21387.15227665093,1441.5485886780891,6,0,4,0,1,64001,443,BENIGN
21722,31,13,94107.96917285617,345.3034564868799,17,4,1,0,1,54754,8080,BENIGN
8270,40,6,7198.896297444364,721.469190983987,17,2,1,1,0,36534,443,BENIGN
32216,48,1,83812.95521297799,4967.271332291141,6,4,0,1,0,20118,8080,FTP-Patator
26197,31,21,36032.893359607835,3534.706353677519,6,4,2,0,0,1600,21,DDoS
28024,44,35,47321.69116083973,4516.986405908452,6,4,3,1,1,39456,80,BENIGN
30562,34,30,60113.24498582475,2421.404855249651,6,4,1,0,1,5371,80,BENIGN
4048,13,4,21487.30708201314,627.5060918900157,17,1,1,0,1,32278,8080,PortScan
4279,17,45,89315.68049684667,1367.7713701685336,6,1,1,1,0,57791,22,BENIGN
8472,26,14,59069.30001612525,2436.5185677615823,17,0,3,1,1,12244,443,BENIGN
6600,8,34,88302.57016631302,4212.225650562047,6,4,3,0,0,3545,21,BENIGN
2588,41,32,68548.61171422065,3001.004719414038,17,0,3,0,1,5711,21,PortScan
22079,16,4,51383.7732395669,434.21659730080216,17,4,0,0,1,3278,22,BENIGN
10760,41,12,9997.733575763474,3897.7879293776496,6,3,2,0,0,39836,22,BENIGN
48328,18,39,71464.72146296104,2658.011527755938,6,2,4,0,0,24034,80,PortScan
19247,41,38,77489.70469711703,2076.7280435045022,6,2,0,1,0,14191,8080,FTP-Patator
30020,16,31,37525.79569128883,1582.9858875149864,17,2,2,0,0,48324,21,BENIGN
19216,41,22,59783.61931783291,4556.959143019543,6,1,2,0,1,50473,8080,BENIGN
13855,32,6,41241.219970747065,751.0284743156903,6,1,0,1,1,2763,22,BENIGN
27050,21,46,30259.82164463962,887.4326485865057,17,3,4,0,0,56320,21,BENIGN
43620,8,6,29291.323742303666,4128.589437569191,17,4,1,1,0,6668,80,BENIGN
26485,26,6,32871.14175106458,2069.3077669615373,6,3,4,0,1,42372,80,PortScan
26056,22,44,89516.14689061718,4366.113196175446,6,3,4,1,1,34932,22,BENIGN
11625,30,14,70505.2521348058,1616.5448114116848,17,2,0,1,0,25014,80,BENIGN
13493,20,20,91878.64477144722,1565.041357003002,17,0,0,0,1,62865,443,BENIGN
12050,22,21,86414.46930165855,2743.1801174793527,17,3,1,0,1,38446,8080,BENIGN
7969,44,25,68629.89508040636,3862.7254599489684,17,2,0,1,0,22448,22,FTP-Patator
31670,27,38,30798.764707967017,4306.249498471387,17,0,2,0,1,39622,21,BENIGN
20258,17,32,11002.041991891712,2537.206556910307,6,3,2,0,0,57674,443,BENIGN
3081,44,14,42019.41728593424,505.4878722404933,17,3,4,1,0,24362,8080,BENIGN
330,46,22,55334.25874049292,42.82003303095052,6,3,1,0,1,53276,8080,BENIGN
22226,27,38,88715.19260395873,3558.9656286355885,6,3,0,0,0,44221,80,BENIGN
7287,16,11,16923.21059983906,997.4478831587779,6,2,3,1,1,19191,8080,BENIGN
28682,26,5,99866.58565537634,3168.81010008602,17,4,1,1,1,20978,8080,BENIGN
16999,6,48,29971.529815353453,1669.436361738177,6,1,3,1,1,4620,21,DDoS
24900,12,37,54250.560815173885,802.2776136910115,17,4,2,0,0,52731,80,BENIGN
30733,8,23,62713.76910817452,1485.7762198390635,17,2,0,1,1,6782,21,BENIGN
1854,38,19,3417.2564421341876,4516.730646539085,6,1,3,1,1,4637,22,BENIGN
8983,6,20,43033.39297669168,3712.469770981422,17,0,4,1,0,20271,443,BENIGN
31687,27,24,9605.746245497223,4488.585411861864,17,0,4,0,1,18328,8080,BENIGN
26156,23,45,75447.5566413112,2724.399951183527,17,2,4,0,1,43111,443,BENIGN
21616,2,25,28556.55044825811,4558.269591595549,17,3,0,1,0,15816,22,PortScan
37640,31,43,75824.89598584312,1622.9392277902489,17,1,3,1,1,7552,80,FTP-Patator
23305,12,48,63322.40521524373,4055.1327081710633,6,1,1,1,0,55118,8080,BENIGN
31441,25,15,10695.91434477728,3595.0934388623023,6,2,4,1,0,22598,443,BENIGN
13881,38,1,58061.32711040218,1614.5867757675844,17,2,4,0,1,33552,8080,BENIGN
2747,21,31,40874.23850621791,1686.955890344727,6,0,2,1,0,52178,22,BENIGN
2111,8,16,17454.919045167837,130.0508974029404,6,4,2,1,0,60209,443,BENIGN
27537,42,47,20326.323539283647,1720.122246879755,6,0,0,0,1,40101,22,BENIGN
28157,45,13,14941.991533470808,4310.945517325228,6,4,0,1,1,17972,8080,FTP-Patator
12621,6,37,23180.604162130534,4784.055135002631,17,4,0,0,1,62589,21,BENIGN
27554,46,28,27183.58823878235,1191.9462482641043,17,4,3,0,1,35543,8080,FTP-Patator
32707,31,4,42750.897860298624,202.18939585837086,17,0,0,1,1,17015,8080,BENIGN
10379,2,5,36735.816259583655,2452.3414366410793,6,2,0,0,0,44765,21,PortScan
2294,40,8,89611.22674241108,185.22884245184787,6,4,1,1,1,63639,22,BENIGN
44991,23,30,68287.2868876904,3004.530997254476,17,3,1,0,1,32173,443,BENIGN
48016,8,11,58385.4946470873,1812.0012095865727,6,3,2,1,1,5851,80,BENIGN
28459,26,34,24391.708125300258,2818.623715823664,17,4,2,0,1,62560,8080,DDoS
47005,22,49,21422.423655877225,806.802967564217,17,0,1,0,1,24786,22,BENIGN
4478,3,18,61851.0663591111,1706.9540966250331,17,2,3,0,1,43514,443,BENIGN
31954,26,21,36321.04440549437,3017.2685849542045,17,3,3,0,0,52521,80,DDoS
7067,47,12,21513.634907093405,1916.1676921192943,6,3,0,1,0,29911,80,BENIGN
17856,34,7,2132.6589608195413,2146.7546870384836,6,1,3,1,0,2167,22,BENIGN
29151,5,4,74490.11750364676,4489.719682242325,17,0,4,1,0,48669,8080,BENIGN
341,15,2,48270.61417002694,2191.7789292187344,6,2,4,1,1,32982,21,BENIGN
14429,33,22,7635.515690965129,384.5128196390932,6,2,0,1,1,39270,21,BENIGN
40265,38,1,59992.4816739093,4153.069872846562,17,4,1,0,1,28449,21,BENIGN
8945,21,22,96299.91679739545,515.7115777272412,6,1,4,1,1,27538,80,BENIGN
20912,12,16,79393.5066289509,1623.7319794056928,6,4,4,0,1,54268,8080,BENIGN
9117,36,47,29012.522491653206,175.58024291971324,17,0,4,1,1,38443,443,BENIGN
26221,42,39,28269.415291839385,170.4800265394045,17,1,4,1,1,5266,443,BENIGN
12710,19,19,71683.74472009904,3013.759197743369,17,2,0,1,1,41136,8080,BENIGN
7758,47,10,96848.7242011281,4966.509903045036,6,2,4,1,0,31626,80,BENIGN
33992,42,15,40100.340962969756,1558.622229476942,6,0,3,0,0,2904,21,DDoS
536,6,40,62887.86247020194,3506.4975663104337,6,0,3,1,0,31844,8080,BENIGN
20345,27,42,20949.597570372796,4925.105909399914,6,1,2,1,1,52992,443,BENIGN
19487,7,23,75072.1953911106,132.2587599378839,17,1,4,1,1,6543,443,BENIGN
2668,1,31,50372.03621943642,4937.181128158778,6,4,0,1,0,24423,22,DDoS
40510,15,7,86179.1354492961,3561.06962005743,6,2,1,1,0,5793,8080,BENIGN
32933,46,24,96103.87812198109,963.3315744201102,6,2,1,1,0,1422,22,DDoS
34344,5,24,29854.588013377495,861.738203917108,17,1,2,1,1,46508,80,DDoS
37601,45,14,81121.17480101065,3931.777017953972,17,1,2,1,1,18272,443,BENIGN
3677,32,16,32583.514034875443,1940.870919475218,17,0,0,1,0,43857,8080,FTP-Patator
48078,8,27,33046.15558256476,3958.362478300677,6,2,0,0,1,46227,22,FTP-Patator
37319,16,6,23258.9946646624,4263.847759233767,6,4,0,1,1,59370,80,DDoS
14608,38,41,57718.98424959423,3688.3171716425104,6,1,3,1,1,6050,21,BENIGN
31014,36,29,30729.929215659442,2168.0699174507663,17,1,3,1,0,43351,21,FTP-Patator
26865,41,36,62243.987413225346,2824.6687322824732,17,0,4,1,0,49583,443,BENIGN
20489,35,5,86235.42661835489,2941.4668424995543,17,2,4,1,0,21338,22,BENIGN
40998,6,18,90642.79399446216,3537.31548794083,6,2,1,0,1,32689,8080,PortScan
43119,49,24,82320.15394333313,3739.541465936825,17,3,0,1,1,47441,8080,DDoS
35211,48,26,42635.85624900371,2872.465337509061,6,1,4,0,0,13254,22,BENIGN
38521,25,11,77582.52346707323,872.6514992710581,6,2,0,0,1,4379,443,BENIGN
24730,10,19,1343.9958299594864,3737.4180147478974,17,4,3,1,1,62550,21,BENIGN
25844,1,26,7568.981059626617,4.801571385319095,17,4,3,1,1,47041,21,BENIGN
31121,8,2,71104.19252093809,1005.5095776039649,6,0,3,1,0,3725,443,PortScan
38247,32,17,54967.665745223596,3950.8972996828893,17,2,4,0,0,33708,80,BENIGN
17432,33,29,76835.69231675891,2481.642331512294,6,4,1,1,1,25237,21,DDoS
27080,39,3,86251.90690972045,1818.4365917272728,17,4,1,1,0,4887,8080,BENIGN
45674,18,39,80805.89294089281,4669.723945902268,17,3,3,1,0,15235,443,BENIGN
1240,25,30,60086.63052457928,3088.6809218177327,6,3,1,1,1,61419,22,FTP-Patator
43461,13,33,69975.05345282526,2566.9977923142683,6,2,4,0,0,57257,443,BENIGN
40346,35,9,83865.98428255202,2381.160020165662,17,1,0,1,0,52911,80,BENIGN
2823,4,5,94436.43331213428,278.50740875612377,17,2,0,0,0,49910,21,BENIGN
17616,14,34,43782.43891470094,4223.165646434884,17,3,1,1,1,47663,443,BENIGN
43301,32,22,26099.973331877347,1668.054419549439,17,0,4,0,1,3691,22,DDoS
49081,44,47,87655.7631948178,1004.4432256461865,17,1,2,0,0,54293,8080,BENIGN
28377,13,6,43668.02909591831,1568.5322290819538,6,1,4,1,0,8856,22,BENIGN
41832,17,5,84269.3165253089,2391.3703191306336,17,3,3,0,0,35763,8080,BENIGN
38308,40,29,18364.143662217968,3399.471468739242,17,2,1,1,0,17171,21,DDoS
33667,3,38,64185.07777863374,4193.424182195932,6,2,4,0,0,20846,8080,BENIGN
10727,31,11,59442.063869834776,754.8361458981955,6,1,3,1,1,9071,22,PortScan
29040,29,34,29854.795964652574,2617.732285875434,17,2,0,1,1,25752,8080,BENIGN
15420,4,17,27021.70409321184,4080.8288285733024,6,0,3,0,0,23434,80,FTP-Patator
39346,2,10,49388.451078025886,3416.183803974837,17,1,0,0,0,27489,80,DDoS
7025,49,49,3925.503940909974,2605.9053146154615,17,1,3,0,0,3735,21,BENIGN
8195,22,18,42973.2572964697,4926.016378273421,6,0,1,1,1,51527,443,BENIGN
24699,16,25,67128.04113519646,1083.2979067853844,6,4,4,1,1,58019,443,BENIGN
19647,9,43,80438.44271443784,1275.2410161200125,6,1,3,0,1,26569,443,BENIGN
23986,39,40,87978.8175925512,4191.923737260915,6,2,4,0,1,40677,8080,PortScan
34526,11,9,99517.76852158259,2609.6048100714897,6,4,3,0,1,9010,8080,DDoS
31477,27,23,46832.092219361155,2055.889657209653,6,2,3,1,1,45103,8080,BENIGN
32967,44,27,55492.05579878282,2909.214607851111,17,0,0,0,1,14539,21,PortScan
31142,3,48,20610.634235312587,1341.9873556467755,6,1,2,1,0,51602,443,BENIGN
23804,2,39,42591.342679949994,2695.080894806558,17,3,4,1,1,47513,8080,BENIGN
11163,8,49,92819.8479655644,3360.2826687781485,6,3,4,0,1,12999,8080,BENIGN
5143,15,49,414.05680049106314,3932.5408253710166,17,1,3,0,1,45929,443,BENIGN
44264,8,34,72015.609842677,1003.7529574360107,6,1,1,0,1,42367,443,DDoS
42089,5,37,41255.75072471941,675.4689326363234,6,1,1,1,1,20207,80,BENIGN
45519,28,5,69218.05962672866,3376.9462401844803,17,0,0,0,1,65206,80,PortScan
41081,3,40,59252.14514161767,487.98859275798463,6,4,1,0,1,12435,22,BENIGN
24844,24,18,18313.189927395833,2996.132232040877,17,4,1,1,1,25168,80,BENIGN
43342,14,4,69054.01093669342,506.3759229012286,6,3,2,1,1,36093,8080,BENIGN
15635,47,45,94845.15572295104,4643.308631421976,17,4,1,1,1,27004,22,BENIGN
39911,35,11,56646.54320128633,2495.0483602819363,6,0,2,0,1,12033,8080,BENIGN
3978,10,34,28304.648150854377,3411.8594697642543,6,4,2,0,1,45278,22,BENIGN
30702,32,25,94991.53690501736,3462.80979156914,17,4,3,0,1,36462,8080,BENIGN
8696,40,14,80881.44721327613,4055.238385665892,6,2,2,0,1,20406,80,BENIGN
15535,16,18,67555.16463013878,1577.378614675161,17,1,0,0,0,63923,443,BENIGN
35193,29,26,683.7536599599091,4023.735550152936,6,1,0,0,0,51620,8080,BENIGN
6891,5,20,30544.280004192984,3802.2667664153323,17,0,2,0,1,8485,8080,BENIGN
13483,33,1,99192.74069510656,3880.62735717471,17,2,4,0,0,5916,21,BENIGN
35871,48,9,45333.08894599709,4896.575529007172,6,3,3,1,0,60743,443,BENIGN
48058,49,49,46272.36224522381,4543.552419089498,6,4,4,0,0,58157,80,BENIGN
21479,32,37,15839.593298767713,2632.861433450662,17,2,0,1,1,27688,80,BENIGN
22292,47,45,39811.11892022605,4146.159382899939,6,1,1,1,1,32816,80,FTP-Patator
45802,33,18,23568.088709011725,3381.245450140932,6,1,2,0,1,55521,443,BENIGN
35521,38,9,30740.20728897045,2489.3146471237806,6,4,3,0,0,29923,22,FTP-Patator
29706,31,47,31884.758448452696,1109.1574077434593,6,0,2,0,0,28808,22,BENIGN
838,47,47,5199.620881552968,967.4086334436332,17,4,4,1,1,52135,443,BENIGN
41611,5,4,16818.457365034654,4862.856316469535,17,3,2,0,1,52661,80,BENIGN
42291,28,3,11267.42436125387,240.30728558108999,17,4,4,1,0,52489,443,BENIGN
31666,30,25,81193.78941657774,3696.742992102261,6,2,1,1,1,7359,80,BENIGN
28476,22,17,47973.1664426164,537.0151829129759,17,1,1,0,0,9279,21,BENIGN
17304,3,44,17081.971694734813,926.6767515923206,6,4,3,0,1,57899,443,BENIGN
38943,19,7,64796.7697162855,2548.675227950564,17,1,2,0,1,10991,22,BENIGN
8233,14,47,6377.190768051557,1782.492676396498,17,4,2,0,1,5512,22,PortScan
39493,36,19,24595.03991632238,1479.773748572828,6,1,4,1,0,26814,21,DDoS
45981,28,28,58900.75373623449,1125.387325002394,17,1,4,1,0,53990,443,BENIGN
29403,26,26,94042.9029298032,1915.5000812623737,17,2,4,0,1,57608,443,BENIGN
5068,9,31,91169.22029327425,2744.2977962914365,6,2,4,0,0,11383,8080,BENIGN
21394,37,21,62359.4014184094,914.4074455736063,6,4,2,0,0,21650,22,BENIGN
16798,44,20,58307.80118123398,4247.367325705009,6,1,3,0,0,60373,80,DDoS
975,12,1,48469.53454171828,2001.2100656866955,6,4,4,0,0,35388,443,DDoS
23545,11,6,13395.651134948246,2035.4953156484287,6,3,0,0,1,59071,80,BENIGN
41380,7,17,73284.30226489312,4077.631435194844,6,2,4,0,0,50867,8080,BENIGN
26697,27,43,40943.43680434352,64.21727274978775,17,3,1,0,0,5096,443,DDoS
35345,29,5,46438.42691199309,275.160155671054,6,4,3,1,1,39631,443,BENIGN
42645,33,11,11679.029888091427,1829.6434911303195,17,0,1,1,1,65067,21,BENIGN
24912,9,32,56255.225895809606,2564.3380300283147,6,3,0,0,1,33603,21,BENIGN
46480,30,17,59418.116270108185,3241.798700176361,17,0,0,1,1,29260,443,FTP-Patator
15587,24,21,8510.723680854917,1918.1112757323576,6,2,3,1,1,25675,443,BENIGN
15272,25,7,51615.46024521602,408.50071997836193,6,3,3,1,0,35934,443,BENIGN
7698,22,6,43710.43979264357,3505.059843465211,17,2,4,1,1,47715,443,DDoS
6159,37,18,86274.8395175567,818.3554275462001,17,0,3,0,1,36977,80,BENIGN
31604,10,40,25875.06688481778,3002.2014462720267,17,3,2,1,0,22226,22,BENIGN
14878,32,5,35103.905039164565,2695.447363024174,6,0,4,0,1,6063,80,BENIGN
12117,34,9,18037.710773786715,843.093596663349,17,2,0,0,1,25477,22,BENIGN
38967,8,4,62208.503984822455,3291.433799818116,17,2,2,0,0,2938,443,FTP-Patator
41485,36,20,84697.77613447158,3889.75703719882,17,4,1,1,0,43272,80,PortScan
22960,10,26,9046.920705049297,1726.3127473443508,17,2,0,0,0,26394,21,BENIGN
18944,11,44,36713.48372314814,4251.586114184756,17,4,2,0,1,63564,80,BENIGN
20094,8,42,56805.29168366587,1201.310765484386,17,1,0,1,1,17403,22,PortScan
29273,4,14,51882.06248531045,964.0916235862762,6,3,3,0,0,37746,443,BENIGN
49715,23,39,48246.544068877614,888.5581322903456,6,0,1,0,1,48118,22,BENIGN
31012,9,2,82117.62479799514,2372.535158049015,17,3,4,0,0,4609,22,DDoS
41865,20,28,59922.292627499985,3331.019129241285,6,4,3,0,0,45420,443,BENIGN
39359,9,39,92985.81374598504,39.51257676698866,6,2,0,0,0,57168,8080,BENIGN
26924,25,19,53418.45227331902,69.06656997076335,17,4,3,0,1,25540,443,BENIGN
33516,37,18,15145.032054401441,4055.953748294117,6,1,4,0,0,56461,8080,BENIGN
37041,10,9,68012.16407241997,1656.1998137440287,17,0,4,1,1,20708,80,BENIGN
49842,29,33,78038.05296554705,2654.9293478396435,6,2,0,0,1,42894,8080,BENIGN
5655,26,35,942.20175250479,4649.526544840794,17,4,4,1,0,64979,21,FTP-Patator
7992,8,11,57240.964139783835,591.0719677496606,6,0,0,0,1,51485,22,BENIGN
23366,34,16,5964.647514926939,1613.3832151881686,17,2,0,1,1,12833,22,PortScan
24766,46,2,79141.71541700634,2625.755466519789,17,3,3,0,1,50603,443,BENIGN
30324,47,30,16054.572545697802,1767.9030597916621,6,2,1,1,1,60656,21,FTP-Patator
30809,26,9,20341.562433167932,4285.678823139039,17,0,1,1,0,46268,443,BENIGN
29703,31,4,60498.938719293576,1219.1559837589512,6,0,1,0,0,61700,21,BENIGN
20666,47,22,15934.31308958619,4538.728138347664,6,2,0,0,0,31369,80,PortScan
42055,27,20,73091.05431485643,4544.266082603365,17,3,3,0,0,51751,443,BENIGN
40932,32,44,80962.59773323411,1286.805911585585,17,3,2,1,0,61690,22,BENIGN
25092,1,23,82834.76544159194,3239.5088355678663,17,0,0,1,1,11971,22,PortScan
5365,28,34,99932.17344975556,716.353680566654,6,1,3,0,0,50709,22,FTP-Patator
35520,26,34,61648.07813941274,2949.853196097319,6,0,0,1,0,65422,443,BENIGN
39908,14,19,83280.98181207385,1619.4422862374572,6,0,1,1,1,45847,22,BENIGN
20886,28,10,85334.45635217986,1915.2318957808461,17,4,2,0,1,37368,443,BENIGN
46505,8,21,83161.75534182994,4891.050077067575,6,3,4,0,0,19355,22,DDoS
22469,26,25,92060.29751544996,4407.012554796917,17,0,1,0,1,38636,80,FTP-Patator
27183,26,18,29943.924821675613,319.08511184969706,17,4,2,0,1,26728,22,BENIGN
29044,45,12,84106.95424708979,1708.4847637964374,17,2,2,0,1,56903,8080,BENIGN
35550,49,9,80287.20897214764,3955.94752408633,17,2,1,1,1,46653,8080,BENIGN
14121,32,22,26825.35949010665,261.1187742393688,17,3,3,1,0,61272,443,PortScan
11318,31,35,48178.966077623314,1035.4283946222133,17,1,1,0,0,27701,80,BENIGN
18454,2,29,4663.224691561516,4094.1646397705645,17,2,2,1,0,30409,80,BENIGN
36754,41,34,40689.382094191766,107.26066533764462,17,1,3,0,0,23069,8080,PortScan
12657,14,28,15834.025198172883,3248.8254688719035,17,3,1,0,1,42344,21,FTP-Patator
24803,28,29,98421.34483488434,388.78990792428436,6,1,4,1,1,8453,8080,BENIGN
40130,49,15,67930.40102873559,1635.1456615833556,17,0,4,1,1,5443,22,BENIGN
45798,26,23,48899.052683145914,2714.415322549199,6,2,3,0,0,44858,80,BENIGN
29580,43,44,53018.23734166912,1491.0396256783959,6,4,0,0,1,27879,80,BENIGN
32401,49,4,57539.646835208245,3628.3689617092887,6,1,1,0,1,43593,21,BENIGN
3887,28,40,64007.47466376076,2945.506376708698,17,1,4,0,1,41594,21,BENIGN
10800,25,5,49534.277509306834,2043.4490028454136,6,0,2,0,0,50052,22,PortScan
44021,35,10,82701.48198966972,4802.764251404611,6,3,4,1,1,55072,443,BENIGN
16123,41,16,3079.164579183387,26.325827888196542,6,3,1,1,1,39225,21,BENIGN
16183,47,14,96908.29626684549,4952.428593602953,17,2,2,0,1,46789,21,BENIGN
4185,2,43,75703.63583286182,3683.26219729417,6,2,1,1,0,56730,22,PortScan
4295,2,45,76643.35794270322,656.2574949038236,6,4,0,0,0,54086,80,BENIGN
4843,9,37,85291.61141004988,4089.3292704013297,6,2,0,1,1,13155,80,BENIGN
20532,19,15,66117.37531413975,1783.239978746183,17,3,2,0,0,14784,21,BENIGN
21903,40,9,10628.763621528607,595.0572318808165,6,3,2,0,0,10961,8080,BENIGN
5363,4,6,91732.34272371381,1741.0060148272655,17,3,1,0,0,37402,443,BENIGN
36276,2,14,54546.28074329087,669.9248686929408,17,0,1,0,1,14097,8080,DDoS
784,34,46,51024.65273636779,2332.495459656831,6,2,4,0,1,18152,443,BENIGN
39512,41,2,5717.472534173024,2615.6903026275745,17,0,2,1,1,41430,8080,BENIGN
28826,17,19,41400.31967858582,1837.775681826963,6,4,3,0,1,61884,8080,BENIGN
18185,42,29,98864.48692243181,3752.888296796419,17,4,0,0,0,58988,80,BENIGN
48129,41,6,11729.037380377096,4452.2216373169695,17,0,3,0,1,10986,8080,DDoS
27005,8,40,45174.93206627712,3564.001520961054,17,0,2,0,0,54653,22,DDoS
9077,4,24,73454.38508932514,2040.8855971035482,6,0,1,1,1,17935,80,BENIGN
45400,38,6,2973.50154240893,980.1553342709839,6,2,2,1,1,35725,443,BENIGN
31053,9,33,79222.30161878215,1260.9703377769752,17,1,3,0,0,58034,443,BENIGN
11790,1,45,50401.75574852769,4208.930592844724,6,4,2,1,1,36031,8080,PortScan
27205,27,16,39172.95250754504,4856.030695105877,17,4,3,1,1,5367,8080,FTP-Patator
34583,23,9,41657.88159837088,3065.5607399773257,6,0,3,0,0,32545,443,BENIGN
24605,41,21,77200.97492845109,2689.250360505692,6,1,0,1,0,34325,443,BENIGN
4301,37,27,29525.646852591817,2322.039008486338,17,1,0,0,0,14510,80,BENIGN
959,4,36,83106.33957979998,1330.8146009812976,17,2,0,1,0,24997,21,BENIGN
29245,16,49,40832.081140578455,1961.7543490477885,6,4,0,0,0,62970,443,PortScan
39392,18,48,62659.71507718455,4195.834882989183,6,0,3,1,0,6643,22,BENIGN
2949,28,11,42851.79580743283,1462.1993928671,6,3,0,0,0,26683,22,BENIGN
42849,42,34,51215.70321931469,1596.4032585135953,17,0,1,0,0,30798,80,BENIGN
6722,5,27,92531.23030338771,3479.886026508538,17,0,4,1,0,12598,22,PortScan
21050,6,10,11074.579685398108,2457.2820171760522,6,2,2,1,0,6370,21,PortScan
37937,47,32,16056.493710374816,2674.937447252441,6,3,3,1,1,55785,443,FTP-Patator
45335,8,27,19548.042403859276,2835.3500352952465,17,0,0,1,0,42409,443,PortScan
28248,1,41,19843.62238009629,1335.7016746042166,17,1,3,1,1,47037,443,PortScan
22893,48,33,17595.531998696777,3239.3795260228685,17,0,2,0,0,17850,443,BENIGN
2131,12,29,70914.72211290436,3647.2391786099925,17,4,0,0,1,2702,8080,DDoS
12976,12,30,32906.78804085251,2149.664977358155,17,1,2,1,0,10516,443,FTP-Patator
4767,32,40,83203.8303852492,1584.2261090919267,17,3,2,0,0,4482,21,BENIGN
26809,45,6,83459.71476564201,3815.2148368744024,6,4,4,0,0,35846,443,BENIGN
1309,27,7,37682.020225303866,49.058205666908165,17,4,0,0,1,34657,8080,DDoS
39683,42,43,18675.383350780776,4467.519245935305,6,4,3,0,1,26799,80,FTP-Patator
4403,36,12,55646.672823896304,4615.203237183555,6,4,2,0,0,38828,80,BENIGN
39317,49,12,43741.79056394018,425.42255455621097,17,0,4,0,1,23270,443,BENIGN
9739,33,18,80784.2787859616,1449.1465540198333,17,1,1,0,1,64306,21,FTP-Patator
10820,27,25,72626.54151667627,2125.107086152396,6,2,1,0,0,27333,80,BENIGN
36143,32,10,10370.796470266301,3554.978613162494,6,1,0,0,0,44971,443,PortScan
42282,13,15,36700.05969832201,3501.9995916203397,6,1,1,1,1,2334,21,BENIGN
1602,24,46,49736.1895017082,4214.065601363447,6,1,0,1,1,62166,21,BENIGN
225,30,31,73506.75245576882,3219.3463487059485,17,2,4,1,1,27576,21,BENIGN
25355,9,42,12799.98693894349,1522.3414918224983,17,1,0,1,0,37646,8080,BENIGN
39734,19,25,62672.36669392976,4564.704856858329,17,3,0,1,1,28508,443,BENIGN
30368,11,18,27060.469712409078,1556.712288649603,17,3,1,0,0,58598,21,BENIGN
32768,48,2,74491.23976201795,1755.738194478162,17,0,4,0,0,36332,8080,BENIGN
38517,7,5,367.4203898659579,2951.076986721595,6,2,0,1,1,37824,80,DDoS
38737,36,36,33644.46087168788,1976.4593592573558,17,4,3,1,1,39524,22,DDoS
41960,45,9,74130.7921795295,2271.40881428945,17,3,3,1,1,45136,443,BENIGN
40623,24,11,88080.7390158802,528.9597281215166,17,0,4,1,0,30354,22,BENIGN
48492,24,34,44530.06057350821,1101.018997358115,6,0,2,1,0,57970,22,BENIGN
8723,49,39,4574.040894607056,2226.552455883386,17,0,3,1,1,61280,80,BENIGN
6121,4,19,19703.163663383206,3701.5974993342293,17,2,2,0,1,14261,8080,DDoS
6195,16,1,81605.3227304294,2858.3724817288557,6,4,2,1,0,12802,21,BENIGN
5549,41,31,31782.866519413248,2281.0861780434757,6,1,1,1,1,8443,21,BENIGN
37908,18,30,43556.95176059483,3638.3315422319497,6,1,4,1,1,12069,21,BENIGN
1224,23,6,77310.47325362731,3601.730068045283,17,3,4,1,1,60967,22,PortScan
16247,29,19,76369.22743224418,295.4903148651852,17,0,0,1,1,48937,21,BENIGN
27167,16,46,72226.96195718006,369.7994718930354,6,4,0,1,0,2420,80,BENIGN
2467,40,25,66289.45087291003,2736.992895703113,6,3,3,0,1,8100,21,BENIGN
47343,3,33,20958.294158486962,3204.099209537113,17,1,0,1,1,21754,8080,BENIGN
18371,15,10,3051.6920006773735,3109.945921231853,17,4,3,0,0,13216,8080,BENIGN
39606,29,7,73566.76450289805,306.76593293559915,17,2,2,0,1,51508,443,PortScan
23788,10,9,50307.068606230794,2230.812994257617,17,4,1,1,0,13855,80,BENIGN
44810,11,19,58302.896453157984,3475.4228852867554,17,1,4,1,0,34799,443,PortScan
39899,5,12,35826.131701417835,2064.9266609825686,6,2,2,0,0,27057,22,DDoS
7647,32,35,29330.89643501216,2482.725339158335,17,3,3,1,0,38456,22,BENIGN
34327,3,12,41225.95553745294,3596.6716102103605,6,4,3,1,1,15155,443,FTP-Patator
20238,37,20,63098.91436737666,1517.5690374957019,6,3,0,0,1,39686,80,BENIGN
30215,9,5,78684.46235874647,4812.523904066693,17,0,3,0,0,27079,21,BENIGN
26446,1,41,59883.58938723781,843.2880389330252,6,1,3,0,1,21073,21,BENIGN
3054,17,29,56963.002443366924,4245.555254976847,6,3,2,1,0,65533,443,BENIGN
7133,43,33,27400.865063162462,3838.258000213737,6,2,3,1,1,43670,22,BENIGN
5027,8,10,76545.67778327955,399.57574232560944,17,3,1,1,1,16598,21,BENIGN
1722,2,27,45934.18492097666,1704.4712096075193,17,1,2,0,0,27256,80,BENIGN
14848,5,29,22419.705675782443,2312.901995267637,6,2,3,0,0,41866,80,PortScan
31220,15,35,7004.651407571068,3900.7518029438997,17,4,4,0,1,26996,8080,BENIGN
22859,35,39,58165.18324264481,4078.6668178615487,6,3,2,0,1,20214,443,DDoS
8197,14,40,63862.2295182221,1367.6428767691796,6,4,4,1,0,27240,80,DDoS
41732,38,19,15880.80505338817,1221.4408277175419,6,0,0,0,0,5333,80,FTP-Patator
31899,13,15,41549.59836868127,717.3808039179654,6,4,2,1,0,8009,8080,BENIGN
37048,49,43,52807.8990738024,2037.7781044697492,17,4,2,1,0,5596,443,BENIGN
6653,10,18,43388.49408239349,1028.3803133247482,17,1,2,0,1,64036,21,DDoS
13901,37,47,90526.94428610365,2366.017124621329,6,1,0,0,0,43602,8080,PortScan
20767,13,36,73097.02366904149,4605.712050577785,17,0,2,0,1,63002,443,BENIGN
25960,21,2,28429.387088081923,2600.287084555249,6,0,3,1,1,38796,22,BENIGN
22189,34,8,12003.536231009459,4362.667311912587,17,1,1,1,0,11332,80,FTP-Patator
43135,31,7,41960.62804058542,2376.6148139909465,6,3,0,0,0,27896,443,PortScan
45091,22,17,24889.658945686395,155.75861014841797,17,4,1,1,1,52906,443,BENIGN
32130,18,45,82516.96088460443,4250.2296586697485,17,1,1,0,1,18683,8080,BENIGN
22811,42,18,30890.091954074618,4075.9239758443537,17,2,2,1,0,16448,80,FTP-Patator
4891,17,4,19991.05511054776,1939.4836129298712,6,1,0,1,1,61416,8080,FTP-Patator
10023,14,9,76927.5104298526,3053.2879357953293,17,4,1,1,0,27045,22,DDoS
41134,14,17,9995.628907029932,4145.872626205191,6,1,4,1,0,6283,8080,BENIGN
20354,15,41,33021.98054627941,1984.888918065971,6,4,1,0,1,21547,21,BENIGN
17622,30,6,81034.25406032514,908.2284733809917,17,2,4,1,1,4041,443,BENIGN
28639,6,12,28713.583735440465,3468.009007321402,17,0,1,1,0,40792,21,BENIGN
15927,2,14,28905.626200407776,4181.680507627245,17,3,0,0,1,26436,21,BENIGN
46662,8,44,56763.41581815951,2233.7448309385113,6,0,1,1,0,50414,21,BENIGN
45092,33,37,65369.767129538646,2420.5681598032593,17,2,3,1,1,64513,80,BENIGN
23909,21,37,78121.34607404095,1223.025531455324,17,0,0,0,1,45117,21,BENIGN
7225,6,27,69642.58652508855,4999.802742655302,6,4,4,1,0,7584,80,PortScan
20313,48,22,28353.04028136067,2029.9339181436133,6,0,0,0,0,18033,443,BENIGN
8694,25,37,30141.99805835068,1962.8793019374739,6,1,4,1,1,63746,8080,PortScan
4272,23,49,50963.07943288859,2881.358824036579,6,1,1,1,0,49917,22,BENIGN
33237,22,6,95476.94430738888,4526.475995126947,17,4,0,1,0,47890,21,BENIGN
43228,43,1,82560.28892468745,3779.8422770709526,6,4,2,1,0,14022,21,BENIGN
36847,39,6,61101.790932843185,4981.085653772423,17,3,1,0,1,61797,443,BENIGN
17826,25,37,81124.95184224172,501.28908413649003,17,4,2,0,0,2072,443,BENIGN
24541,17,34,80934.46347090293,89.24610555703642,17,1,1,0,0,47379,8080,BENIGN
43332,10,3,45927.586427429414,3658.8465312231774,17,4,3,0,1,43084,443,BENIGN
38973,3,30,85520.22042702389,2963.267785202217,6,3,3,1,1,61990,443,BENIGN
48584,5,42,54705.92598740037,1485.772860950774,17,3,4,0,1,54392,8080,BENIGN
20025,26,6,50319.868772568705,1080.1725165676316,6,1,1,1,1,57959,22,BENIGN
4962,3,33,25914.697373504776,2896.1520720619537,17,3,2,0,1,56436,22,BENIGN
5588,34,3,89952.83706677076,3903.3510575217674,6,2,0,1,1,28115,21,BENIGN
38959,39,23,61514.254239364025,2668.1165888726487,6,2,2,1,0,15160,21,BENIGN
3458,41,12,82010.7936586785,1896.4695139355122,6,1,3,1,0,36110,22,BENIGN
6453,49,38,25708.891376538748,4002.9902163267852,6,4,1,0,0,48824,443,FTP-Patator
8982,15,31,76217.11363697401,901.813852356993,6,3,3,0,0,63933,443,BENIGN
27344,1,2,91941.53485378352,3127.9937544341624,6,4,2,0,1,28333,8080,DDoS
2027,32,48,8742.227507069692,548.8840388834623,17,4,0,0,0,31719,80,DDoS
12403,5,22,79911.18871679803,3537.8170247570292,17,1,0,0,1,30190,21,BENIGN
12873,36,31,55063.250668598426,4616.205507931426,6,0,3,1,0,43422,21,BENIGN
30650,3,48,19883.459060225727,3714.298001098506,17,3,1,1,1,51041,22,DDoS
34135,29,29,18054.51344044322,2898.6862341793503,6,4,3,0,0,45220,443,BENIGN
40140,33,49,47618.995041272996,942.1049226760014,6,3,1,0,0,53133,80,BENIGN
37296,22,15,43514.60436455174,562.0574234184293,17,0,1,0,1,25228,8080,BENIGN
35076,38,18,37764.45560110807,4376.06422334885,6,3,4,1,1,28996,22,BENIGN
26350,43,6,41968.32221506712,499.4465693939259,6,4,0,1,0,61117,22,BENIGN
2021,27,42,16349.472405960165,1656.8253585553691,6,2,1,1,0,12413,443,FTP-Patator
12233,23,18,36479.488156062536,1679.18065647234,6,3,3,0,1,48985,22,FTP-Patator
2637,28,17,71554.01727209539,861.0757212956324,6,4,1,0,0,29006,21,PortScan
45484,41,10,43705.75263168726,4119.669480021486,17,0,3,0,0,33421,443,BENIGN
10195,30,24,1063.2683650427218,3604.507645520964,6,3,2,1,1,4757,21,BENIGN
38335,7,34,86922.11407512013,4927.571014792749,17,1,1,0,1,23984,80,BENIGN
5226,19,41,18349.417135619875,2179.3789553204747,17,0,3,1,1,26707,443,FTP-Patator
22039,32,16,49828.850184580864,2979.9036232383746,6,4,0,0,0,34118,21,BENIGN
6004,21,41,9422.108269484312,4523.966083429537,17,3,1,0,1,36560,443,BENIGN
26417,44,13,59743.801054777956,12.211159348258988,17,2,4,1,1,11926,8080,BENIGN
36156,46,44,70671.04264978114,418.52235860731327,6,1,0,1,1,17200,21,DDoS
1957,40,34,44583.33587227907,2920.3336406095846,6,3,1,1,0,44947,8080,BENIGN
19034,43,35,57720.319706172624,739.0804966145496,6,3,3,0,1,28912,22,PortScan
47745,31,36,59041.897267489905,2573.378199891936,17,3,4,1,0,62270,21,BENIGN
48837,16,8,9243.955583402512,4686.010782515513,17,0,3,1,1,9258,80,BENIGN
2352,10,25,85489.82367903864,307.062871246234,17,0,3,0,0,37620,22,BENIGN
48967,2,4,66613.72444537283,4593.106069602799,6,3,4,1,0,28422,443,BENIGN
19614,33,17,68050.15403497034,1335.8490547927404,17,2,0,1,1,31020,443,FTP-Patator
7983,2,49,46894.70822573945,137.1801811961919,6,3,4,0,1,13849,22,BENIGN
43485,30,36,2645.9626453163814,4982.019199851707,6,0,1,0,1,50225,443,FTP-Patator
13879,9,29,36333.58535964337,1894.9319643702936,6,1,3,1,1,19247,80,BENIGN
25912,16,43,2946.135574536879,2732.03303384195,17,2,2,0,0,28199,8080,BENIGN
10418,18,29,96652.62659425438,4727.289194932214,17,2,0,1,1,6595,22,BENIGN
15117,22,36,82021.43645138813,638.1501281954268,6,0,3,0,1,46785,80,BENIGN
21834,35,1,41267.21052925546,1297.2820776190151,6,0,1,0,1,42007,80,BENIGN
23628,19,38,8902.367970927531,1883.68993618885,6,2,1,1,0,13872,443,BENIGN
17538,21,24,9078.307098551757,679.2788760127611,17,2,2,0,1,5879,22,BENIGN
10520,18,26,9415.605262715299,4221.842075716697,6,4,2,1,1,43586,8080,BENIGN
47584,30,10,35517.96104394366,2012.2852661498598,6,4,3,0,1,54073,80,BENIGN
26679,47,39,13841.365297737928,1749.1945702796406,17,2,0,0,0,59541,22,BENIGN
37079,11,17,91073.11601025466,142.11085503539334,17,0,2,1,1,51475,21,BENIGN
48040,19,6,75888.14295298891,2636.6102852165695,6,1,1,1,0,55330,21,BENIGN
30009,24,16,93312.82019790956,4118.509292398142,6,3,4,0,0,60959,443,PortScan
7275,15,39,46328.03374817941,511.3527380140734,6,3,3,1,0,51841,80,FTP-Patator
44653,16,4,20615.61843107427,2085.610791489745,6,3,2,1,1,47067,8080,BENIGN
37323,20,42,9859.919559674012,3647.7194677173466,17,2,1,1,1,41528,21,BENIGN
4222,9,11,82218.26131250054,777.0007125009646,6,2,0,0,1,62690,22,FTP-Patator
38730,5,40,72953.1481346744,2362.513771918757,17,4,1,1,0,49775,80,BENIGN
23111,19,48,44572.86913476367,12.404708625670999,6,2,4,0,0,14134,21,BENIGN
35251,19,26,1737.8130152017723,3729.30202895105,17,0,2,1,0,39976,21,BENIGN
29483,23,38,71079.99949044993,3097.7860710066384,6,3,4,1,1,47530,80,BENIGN
20270,15,28,57898.385520857824,419.5613834676056,17,4,3,0,1,16342,443,BENIGN
12400,29,7,6003.183808530804,2297.2763702286184,6,0,2,0,0,40938,8080,BENIGN
23796,42,40,59917.328315146595,198.9574756263302,17,3,0,1,0,25474,443,BENIGN
26905,33,4,77295.45973690246,1775.3182807249486,17,0,4,1,1,60702,80,BENIGN
29229,47,9,72017.89855521903,4763.890243260539,17,4,2,0,0,42813,443,FTP-Patator
22278,38,10,11524.90019650764,124.69024173065094,17,3,2,1,0,60958,22,BENIGN
1407,4,35,28178.88571090301,3607.9349424690017,17,0,3,0,1,51164,443,BENIGN
31351,1,3,35249.940475799485,236.0400492987073,6,4,0,1,0,59443,21,PortScan
17385,25,24,93466.9966645786,4243.851660584336,17,1,3,1,0,23921,80,DDoS
37040,28,42,98234.69710371926,4684.765482294477,17,1,3,0,1,65114,443,BENIGN
11378,46,5,28455.990727894346,3396.835588465719,17,3,1,1,1,56515,21,BENIGN
31937,8,30,95563.61593046378,32.795665376966895,17,4,4,0,1,18012,21,BENIGN
27605,1,35,32895.21058243735,3542.1154955134425,6,1,4,1,1,36107,80,BENIGN
8275,39,37,50608.42050338907,296.1672972591536,17,0,3,1,0,57230,443,BENIGN
35336,21,14,7841.827356354983,4778.695988367395,17,4,4,1,1,65412,21,PortScan
49050,44,32,29357.121336385946,268.5027542176406,17,0,4,1,0,52409,21,DDoS
42189,23,3,50774.67725818787,721.805499616459,6,2,1,0,1,28165,80,BENIGN
46392,38,48,63658.59703581975,1271.1183489996358,6,3,3,1,0,22224,80,BENIGN
1473,32,12,33765.960405073696,3063.8880985883775,17,0,2,1,0,53834,21,BENIGN
7352,28,40,46318.097144193816,109.53458201280748,17,1,2,1,1,47344,443,BENIGN
3829,15,6,28904.753015095852,2494.356796397869,6,2,2,0,1,49324,22,BENIGN
10216,22,8,19677.8447693904,1048.5454527465622,6,2,1,1,0,60471,22,PortScan
3087,42,9,472.4049344239575,857.1286792308389,17,0,1,0,0,62809,443,BENIGN
36268,32,45,41643.67075100519,1917.1639961513051,17,0,4,1,1,64571,21,BENIGN
43974,43,2,86457.81738841141,2936.109882390477,17,4,4,0,1,3443,443,BENIGN
48978,24,36,1128.4542823222898,1471.1932617052385,17,1,1,0,1,40324,80,BENIGN
13559,8,34,16084.978857033075,777.9479083604733,17,3,1,0,0,23221,21,BENIGN
8453,40,24,13771.486557332668,405.6271334309,17,1,1,1,0,22852,21,BENIGN
10351,12,34,64205.33208742679,2514.4658187576874,6,4,2,0,0,43000,22,BENIGN
44836,19,19,17483.977203399336,2437.6193484606406,6,2,1,0,1,22090,8080,BENIGN
3602,15,6,562.7052977050469,1690.5074536996074,6,2,0,0,0,62077,443,FTP-Patator
27259,24,41,71155.7831461912,4799.212336572401,6,4,0,1,1,22167,22,DDoS
23478,40,42,59134.5865892982,3796.667627161186,6,4,3,0,0,40239,443,BENIGN
48626,40,20,28054.29425828484,4528.860487755651,17,3,0,0,1,59602,80,BENIGN
33995,42,1,27822.239169250926,1130.2389129909618,17,2,4,0,0,2786,80,BENIGN
20396,5,31,34196.96616775513,1579.6906962887679,6,3,4,1,1,51441,443,BENIGN
18734,17,9,18670.097856279073,1195.8493974422045,6,0,0,0,1,1874,22,BENIGN
42361,3,47,87368.79687035148,1695.8640791175046,6,3,1,1,0,24807,80,BENIGN
14785,35,43,88693.66600028177,1641.5727944080106,17,0,4,0,0,59979,80,BENIGN
47084,5,1,83228.49296409916,3695.0262999239944,17,2,4,1,0,8785,8080,PortScan
34954,26,21,88836.00229494621,3564.0191557386006,17,3,0,0,1,22251,22,BENIGN
16975,36,39,60055.69920505238,209.88236357698096,6,4,3,1,1,27250,21,BENIGN
47560,37,31,10293.11644876705,4242.492170030234,17,3,0,0,1,2902,80,BENIGN
27325,3,14,93332.26843309068,2775.4499688308756,6,4,2,1,1,58490,22,BENIGN
30926,20,12,83237.07373535555,858.9926083455936,6,0,2,1,0,56415,8080,BENIGN
3981,44,37,36490.980191923074,3117.816067168628,17,0,2,0,1,40889,443,PortScan
18662,4,31,40767.303816670676,3420.114301522842,6,2,1,0,0,11843,80,FTP-Patator
25156,3,47,51570.953928059775,287.1046087374937,17,3,0,0,0,7420,8080,DDoS
41977,46,19,23531.13977882034,799.0622967983942,6,1,4,1,1,21246,8080,FTP-Patator
46149,6,34,62437.308550452304,2725.707081921217,17,0,1,0,0,5218,8080,BENIGN
11756,30,8,76860.91026367154,195.62943023455563,6,3,0,1,0,24491,80,BENIGN
14478,37,39,87863.74582280996,1526.6208114597248,6,3,0,1,1,24131,443,BENIGN
19155,35,29,8888.494020659862,3958.8723955688256,6,2,0,1,0,44275,21,BENIGN
13072,8,7,43686.303989461456,236.7354925386602,6,4,0,0,1,2744,8080,BENIGN
31261,37,20,52741.36148436051,4598.071746254971,17,2,1,0,1,24484,8080,BENIGN
32165,41,44,51813.10992603765,2292.8852984234595,17,4,1,0,0,24777,8080,BENIGN
14749,7,45,58966.37204206295,700.8942696597395,6,4,2,1,1,11479,443,FTP-Patator
31852,44,38,98647.92970312235,3611.8837290695096,17,4,1,0,1,59663,21,BENIGN
28948,2,19,60043.514556649825,1089.8806591557104,17,2,0,0,0,5708,443,BENIGN
46367,48,27,59429.47793254582,4710.532506776915,17,0,4,1,0,51428,80,BENIGN
48321,15,33,51807.500159962154,3436.056591731994,17,4,1,1,0,6424,8080,DDoS
37726,31,27,19398.58056779076,4725.016962382041,17,3,3,0,1,49174,21,PortScan
17919,15,47,652.4299543896702,130.62392095063854,6,1,4,0,1,24570,21,BENIGN
27768,28,46,48986.60394159693,1363.926475516188,17,3,3,1,1,30313,21,DDoS
15688,22,48,88577.80870986363,2625.4978904389086,6,0,4,0,0,33236,8080,DDoS
27052,16,36,17867.40411363744,1053.7441388686768,6,3,4,1,1,10869,22,BENIGN
23070,2,40,87778.88341428312,3649.5094827488715,17,3,2,0,0,35991,8080,BENIGN
48272,5,40,94892.57764002825,3640.4449005623087,6,1,4,0,0,40286,22,BENIGN
49145,11,17,16660.503047681756,3684.0248420017506,17,0,0,0,0,24951,80,BENIGN
33415,12,5,14474.584914541498,3185.895666588864,6,3,3,1,1,12882,21,BENIGN
15390,47,45,75093.20006106763,225.80134632851193,6,3,2,1,0,57609,443,BENIGN
17379,33,22,59147.83243315955,4775.2689307768815,17,4,1,0,0,50887,22,BENIGN
15461,29,4,47445.16222180858,2122.3114970148613,17,1,0,0,1,21039,443,BENIGN
37721,29,38,5807.472708357604,1930.0934176614253,6,1,1,0,1,23285,443,BENIGN
18510,45,46,68776.98103861221,4123.760695294852,6,0,3,0,0,25696,22,BENIGN
32933,7,5,88804.83703107499,1486.5468275686824,6,2,4,1,0,59837,8080,BENIGN
30697,46,44,63737.88662159765,4698.655084240478,6,0,4,1,0,41332,8080,FTP-Patator
27565,32,11,52167.720709009904,533.7130767872942,17,4,0,1,0,20795,443,BENIGN
31315,47,38,13653.247217670685,4579.501487263199,17,3,0,1,1,4851,22,BENIGN
8455,26,20,62809.160217572215,1913.2545177909424,17,2,1,0,1,52645,22,BENIGN
278,41,26,90005.00059251081,3877.5745933218523,6,3,0,0,0,36130,22,BENIGN
22176,26,18,98767.36501278522,3128.77544581722,17,0,4,1,1,22945,80,BENIGN
22346,42,41,3562.696947685169,4362.122387911022,17,2,0,1,0,46727,22,BENIGN
3744,26,5,25018.501666325614,2927.9907403231314,17,1,0,1,1,36826,443,BENIGN
15899,45,4,49459.60771858253,997.9000263043724,6,1,0,0,0,48336,443,BENIGN
2786,28,6,16086.277345107956,2632.7576205620726,17,1,1,0,1,46210,22,BENIGN
26543,24,47,51266.28460174466,2543.058819535887,6,2,0,0,0,64256,8080,BENIGN
34715,21,11,94016.08563877635,1781.9430822366255,17,3,4,0,0,27483,8080,BENIGN
25983,49,19,44869.673129391114,3130.6269600174223,17,2,0,1,0,19937,80,BENIGN
33160,38,35,73053.32741593142,1119.567646808075,17,2,2,1,1,47508,21,BENIGN
46139,33,39,27318.520272116893,2523.146254388287,17,2,0,1,1,43332,21,FTP-Patator
43987,47,24,30637.00374914499,789.6814037525302,6,2,2,1,0,38393,21,BENIGN
5528,13,48,84031.7276593436,1165.865619705781,6,0,0,0,1,32592,22,BENIGN
49001,15,7,66836.26162698044,1975.6923948332155,6,4,4,0,0,10007,80,BENIGN
7175,35,35,42376.24175772281,4548.6434483563235,6,4,3,1,0,8749,22,BENIGN
26357,48,29,42687.248527792995,2322.273496269092,6,2,4,0,0,39641,80,BENIGN
13563,33,34,13088.712664252516,4366.639381065532,17,4,4,0,1,33910,21,BENIGN
46539,15,36,36021.63523567992,4505.427260994157,17,0,2,0,1,2977,80,PortScan
5129,30,4,28994.893510830392,3396.829797269168,6,1,0,1,1,53813,21,BENIGN
25014,43,22,17414.96920045736,4036.7461473683975,17,0,2,1,1,8376,443,DDoS
35608,7,11,85386.20712543561,545.7170013985791,17,2,2,1,1,21390,8080,BENIGN
32279,11,27,5120.479067612551,405.2811115098285,6,0,2,0,0,53771,21,BENIGN
39579,35,23,44594.47826718198,1278.0799463068165,17,4,4,0,1,58605,443,BENIGN
11477,8,26,93683.3303275061,4836.055562297567,17,0,2,1,0,64464,22,BENIGN
19205,22,45,96300.87828884459,2911.6304548958747,6,2,0,1,1,51391,443,BENIGN
27511,14,3,26810.883311740956,2380.8416181206903,6,4,2,0,0,55609,443,BENIGN
25634,27,21,50575.96903364306,3350.2121796213314,17,2,3,0,0,48323,8080,BENIGN
32839,22,14,60135.933650000436,3764.9646330696924,6,3,2,0,0,47048,443,PortScan
41382,4,45,67922.51595077025,1262.0769559409614,17,0,2,0,0,38910,22,BENIGN
7431,37,5,90318.77468145957,1426.7604608461083,17,0,3,1,1,28110,8080,DDoS
38313,21,36,22391.62164355891,1244.1523569949845,17,2,3,1,1,1116,80,BENIGN
30603,37,10,18543.09076325673,4137.80500162024,17,2,1,0,0,30817,22,PortScan
47502,14,27,85870.06397938161,3908.021298662527,17,0,3,0,1,56929,443,PortScan
27988,31,15,60604.58889438182,2738.3995586397855,6,4,3,1,0,44775,22,DDoS
13373,27,1,24957.492298759134,430.5179712751071,17,0,1,0,1,50365,21,BENIGN
18833,44,35,60195.234937681096,4838.248176059938,17,2,2,0,1,36689,22,BENIGN
19957,43,8,84973.67027271431,4775.81576097968,17,4,1,0,0,34297,22,BENIGN
43383,1,14,68133.19592566129,2475.946383756102,17,3,4,1,0,40280,80,BENIGN
1175,30,8,68908.56128954807,3461.556136252666,17,1,1,1,0,61221,21,BENIGN
43826,37,5,7051.809368029704,377.7724295685613,17,2,4,0,0,43097,21,BENIGN
44070,30,13,22856.81413399802,1584.616459148494,6,0,0,1,1,39600,21,BENIGN
5951,32,2,3214.454648141026,2660.370474074148,17,2,1,0,0,20813,21,BENIGN
37906,20,34,43370.91533782087,2320.4625518218772,17,0,3,0,0,54547,80,BENIGN
3893,47,32,62249.51478513177,2943.7072770792124,6,0,2,1,0,37694,22,BENIGN
27324,22,25,1473.8622246616521,481.3021627787714,17,4,3,0,1,1642,443,BENIGN
43288,29,48,33659.03989147893,4668.221013886382,6,4,4,1,0,28640,80,DDoS
3410,25,49,31013.766784158397,2881.5677231555856,6,1,4,1,0,15784,8080,BENIGN
47653,26,43,26721.157069528097,4197.68840627277,17,3,2,0,0,13539,8080,BENIGN
28181,10,33,80141.06138237419,3541.5874217302844,17,2,4,0,1,42910,443,DDoS
13226,1,48,70716.16834289335,1561.4394840345985,17,3,4,0,0,9505,80,BENIGN
49776,27,19,80565.0340562584,4430.928811909112,6,0,2,0,1,46167,22,BENIGN
7868,23,39,29137.918677948008,3435.474046666661,6,3,4,0,1,6972,443,BENIGN
3653,32,35,95888.3765018264,2276.5402294835694,6,1,3,0,1,20545,80,BENIGN
14941,43,7,11198.903108587556,3316.1833812699224,6,3,2,0,0,50762,21,DDoS
22639,48,35,25229.207002632644,2850.8542686306255,6,3,0,0,1,3108,8080,BENIGN
20700,29,6,17727.432252027636,3198.591783878195,6,4,3,0,0,37787,443,BENIGN
18498,23,39,80556.56604149536,2596.3131097615556,17,0,2,0,0,10190,443,BENIGN
20347,35,35,4891.60415636597,1910.0811036454097,17,3,1,0,0,52829,80,DDoS
30787,35,15,90147.52193731107,4175.938620595873,17,3,0,0,1,56535,8080,BENIGN
45026,30,2,49174.46440109789,1658.951694055693,6,2,4,1,1,14823,8080,PortScan
18832,42,31,49713.68385342053,679.0425895361151,17,1,3,1,0,30572,22,PortScan
12510,3,39,7139.760267563358,2732.280889036666,6,1,2,1,1,20974,8080,BENIGN
21362,44,10,24748.184237094953,2855.0392749895314,6,0,4,1,0,1363,21,BENIGN
47801,4,12,30054.165921247884,2291.391810417099,6,3,1,1,0,28274,80,PortScan
30505,41,43,80759.41500694708,446.4160177692612,17,4,2,1,1,38560,8080,BENIGN
12862,7,26,8347.38591396785,723.5229708245182,17,1,0,1,0,17707,22,BENIGN
13219,32,13,92454.01267908666,3999.102500983515,17,2,0,1,0,1549,443,BENIGN
13101,24,18,78934.77297587275,4143.833574785273,17,2,0,0,0,23208,8080,BENIGN
40094,4,18,67263.4185548546,1546.2506264873268,6,3,2,0,1,49565,443,FTP-Patator
39659,44,21,99184.98639452168,431.50833853338713,17,1,2,1,1,29635,22,BENIGN
286,1,23,93378.9311533666,3153.9810234261404,6,4,4,1,1,11090,80,BENIGN
10936,13,28,16713.833615974498,5.47167956074956,6,1,4,1,0,59903,443,BENIGN
49959,18,33,24767.042072511966,3097.008075346693,6,2,3,1,1,15759,8080,FTP-Patator
29000,25,20,25461.470427795648,3427.469062174625,17,1,1,0,1,64645,443,BENIGN
31738,14,3,92860.3110029829,3813.097542497222,17,4,3,0,0,60548,80,BENIGN
27580,46,21,51818.34231774074,1683.9102352349519,17,2,4,1,1,49566,8080,BENIGN
1500,8,2,66369.21069787449,727.4532456027965,17,1,3,1,0,14294,443,BENIGN
7133,24,23,53633.89267032983,241.19864597546035,6,1,1,1,0,2511,21,DDoS
44115,49,41,13284.282392887328,3304.233870583155,17,2,1,0,0,64300,22,BENIGN
46065,13,25,24520.62459684088,3014.2860735155637,6,1,2,1,0,35347,21,BENIGN
47549,35,1,17368.32356757279,2089.703224818961,6,0,4,1,1,46374,80,BENIGN
44038,32,25,25623.870142715932,948.1309200659362,17,0,1,1,1,37115,22,BENIGN
37416,24,47,55691.95738092875,724.3315836015171,6,0,4,0,1,12811,8080,FTP-Patator
6513,13,41,34771.863847114175,3062.262305189697,17,4,4,1,0,5872,80,BENIGN
35717,4,20,99160.76330134184,4795.267996153948,17,0,4,0,1,15617,80,BENIGN
18164,8,20,36330.24726244049,860.9870651024881,17,3,3,1,0,2510,443,BENIGN
5027,41,12,22145.1348861848,604.2021369351115,17,1,2,0,0,20335,80,PortScan
21313,32,34,9247.427488128837,2727.5265616677116,17,3,0,0,0,33800,80,BENIGN
30145,45,28,93339.63892774738,3375.277383911795,6,4,3,0,0,52540,8080,BENIGN
2959,48,44,96443.49571601783,688.5600865956064,6,1,0,0,1,57832,8080,PortScan
39375,18,27,58432.203047425886,3856.555161383303,6,0,4,1,0,9061,21,BENIGN
11764,49,34,20925.544797492443,937.2006506731776,6,1,0,1,1,15816,80,BENIGN
19835,6,10,36475.621492496204,4321.9724370976555,6,4,3,0,0,59912,443,BENIGN
22908,36,21,32637.932614424775,2281.105463709652,17,4,0,1,1,38985,443,BENIGN
4646,41,44,44754.8420889503,3110.4888999308455,6,1,0,0,1,23097,443,PortScan
43616,22,32,94264.3089861371,3757.1590859855364,6,1,1,1,0,63719,21,BENIGN
25358,23,22,68029.37656275765,3355.9912581104836,17,4,2,0,1,50283,21,BENIGN
22455,13,5,97334.45933814812,1237.3668905275051,6,3,2,0,0,37249,443,PortScan
30548,35,35,3950.080451819171,2616.7885972942518,6,4,3,1,1,5663,80,BENIGN
49044,21,18,34451.910215650365,4509.013700921822,17,3,4,0,1,23166,8080,BENIGN
22787,14,42,51440.680788398706,4605.158284746075,17,4,2,0,0,29909,443,BENIGN
47570,45,22,87340.16606066775,3529.4182902103944,17,2,2,1,0,43031,443,FTP-Patator
36226,31,18,54205.123879558225,1344.5919574108366,6,2,3,0,1,12890,22,PortScan
47925,38,19,2512.1203599897367,771.9176262622447,17,4,3,1,0,27095,21,BENIGN
34964,6,48,44580.313061958106,694.6616475776518,6,1,2,0,1,4965,443,BENIGN
36451,13,28,33939.157534073456,497.5980654911218,17,3,4,0,0,23378,443,BENIGN
2139,30,40,67532.54760160115,2469.82120124118,17,4,0,0,0,18303,80,PortScan
11090,42,9,15710.252215400022,1982.6473454868615,17,3,3,1,0,27021,21,BENIGN
45681,3,36,91525.57506578045,3221.6822440347605,6,2,0,0,0,54350,443,PortScan
10297,48,18,12433.191034236826,763.1150908559207,6,1,0,0,1,52971,22,BENIGN
40844,28,31,51752.42380016488,1399.059581190858,17,2,2,1,0,11035,21,BENIGN
11990,39,20,58703.30604502601,4280.395982845836,17,4,3,1,1,44029,443,BENIGN
6466,4,46,32973.5987302956,1497.6243383237693,6,0,3,0,1,4324,443,BENIGN
45596,23,25,61843.578327929434,3190.83828019704,17,0,3,1,1,43002,22,BENIGN
29512,45,32,61917.56084794253,1671.593961972167,6,1,0,1,0,7392,22,BENIGN
31854,39,6,35651.37029860164,3353.9832761390817,17,3,4,1,0,22563,22,BENIGN
46246,37,4,63888.6407737254,1661.2928152412674,6,3,1,0,1,64952,443,PortScan
18961,30,38,4080.6530883084583,410.1389345972189,6,3,0,0,0,58150,21,BENIGN
14424,34,4,98043.1193595384,86.9282177033457,17,3,1,1,1,32436,443,BENIGN
8390,23,49,41265.492184686635,4800.771089232606,6,3,4,0,0,60510,8080,BENIGN
43335,43,34,75523.73703392794,1566.5355787503238,6,3,2,1,1,38018,8080,BENIGN
42734,35,38,29890.754079668062,3286.487203064706,17,0,2,1,1,14041,21,BENIGN
34134,27,31,92861.55486522948,4361.4849584258955,17,2,4,1,1,53196,443,BENIGN
25948,35,43,19022.024998024284,775.543558972677,6,0,4,1,1,6692,8080,FTP-Patator
2527,21,32,59050.75771096863,1369.3349850515913,17,3,0,0,1,49784,443,BENIGN
3080,40,26,21933.98755237175,4228.027839376966,6,3,2,1,0,56779,80,BENIGN
21560,10,13,96378.17874401555,499.53294036204755,6,0,1,1,1,63143,8080,BENIGN
14308,37,19,41897.83409362802,2255.0791798444075,6,1,3,0,0,57776,8080,DDoS
8185,21,44,96198.02746474514,86.25491540034776,17,3,2,1,1,54472,443,BENIGN
4122,5,49,68860.40798465087,2632.05418195281,6,3,4,0,0,8387,8080,DDoS
13488,2,20,37346.22657215171,3969.1104974950904,17,0,2,0,0,4605,21,BENIGN
19544,42,44,23308.296213851827,1046.2201589335011,6,0,3,0,0,50474,80,BENIGN
19835,1,49,55734.67730731048,1371.1471465704126,17,1,0,0,0,46881,21,BENIGN
9179,2,20,26737.214447173872,3627.530277198014,17,1,4,1,0,58983,443,BENIGN
39686,31,44,814.9990243136791,2592.703062447182,17,0,3,0,1,42859,80,PortScan
3592,43,21,45964.03563014335,1326.1543244515772,17,1,0,0,0,9735,8080,BENIGN
9584,6,17,85919.73114010594,17.142587131106193,6,1,2,0,1,62347,8080,BENIGN
17499,42,16,88729.51188674707,237.16078591666508,17,2,3,1,1,49744,21,BENIGN
11111,34,15,27702.07494015878,2590.3044284346583,6,2,0,0,1,49972,22,BENIGN
22347,19,21,2943.2375851900065,4697.165015477638,17,0,3,0,0,11070,80,DDoS
23005,5,28,71712.77315741523,159.74738895026888,17,2,4,0,1,8922,22,FTP-Patator
25915,8,14,47232.59178452392,4812.762519946191,6,1,4,1,0,40659,21,BENIGN
9157,39,7,78791.15329370556,4289.992225895155,6,4,2,1,0,22815,8080,FTP-Patator
45912,42,31,75773.64998952091,3361.373418884763,6,1,3,0,0,22639,443,PortScan
24260,26,30,3251.8239708435085,4092.787623546306,17,3,2,0,0,50916,22,BENIGN
20231,31,35,43149.80541699439,4712.7490018029575,6,1,0,1,0,18664,22,BENIGN
5419,4,45,43057.12182086853,889.6704274084234,6,0,0,1,0,10466,8080,BENIGN
47118,8,30,4718.307551499563,538.6572531810534,17,1,3,1,1,37224,443,BENIGN
15977,27,21,60955.91845594812,3715.690233510339,17,2,0,1,0,30852,443,BENIGN
29131,11,27,81193.99350899369,12.566465472706108,17,1,4,0,0,18811,80,BENIGN
28186,46,7,26696.278471886842,4069.8652670001725,17,2,0,1,1,56298,443,BENIGN
23941,25,5,39779.57908404092,3238.339494332677,6,1,4,0,1,54479,443,BENIGN
45185,39,38,24040.64744051764,1459.1530945251989,6,1,2,0,1,20090,22,BENIGN
6855,34,22,17765.993397298276,3010.030009282705,17,4,4,1,1,55703,22,BENIGN
28990,44,15,88049.92106721038,1591.7997625713479,17,2,0,1,1,57768,21,BENIGN
30134,3,48,27804.88601638064,1868.3304102454226,6,2,4,0,1,52404,21,PortScan
29847,42,39,7633.738642569736,1369.913230909325,17,4,0,1,1,41323,8080,BENIGN
15324,36,15,11111.72952693484,3980.744732705748,6,3,4,1,1,20950,22,BENIGN
8127,8,45,5216.811240037051,1197.923753833901,6,3,3,1,0,7562,443,FTP-Patator
23848,12,36,13729.571232884362,258.74483750835526,6,0,0,0,1,34036,80,BENIGN
31460,40,15,46400.77231887034,4853.933309532338,17,1,3,1,1,61497,21,PortScan
45909,39,29,37659.596092559186,3490.1610127308554,17,2,4,1,1,58463,80,BENIGN
4300,27,35,55785.1025452217,1604.259688692205,6,3,0,0,1,65361,443,BENIGN
43917,41,25,94979.72648426707,3223.1998673714625,6,2,4,0,1,46845,443,BENIGN
8826,29,27,69607.02181633419,4577.460125343535,6,4,0,0,0,10645,22,PortScan
30906,31,33,36433.45135192089,1605.6789743501886,17,3,3,0,1,57216,80,BENIGN
27050,48,41,13731.134391030308,3159.6022039132586,17,4,1,0,1,19951,21,BENIGN
16487,46,12,37987.63756842601,86.24459632176702,6,4,4,0,0,29340,80,BENIGN
45078,24,31,41138.24012259382,717.2906655932104,6,0,0,0,0,48957,22,BENIGN
38902,26,41,13493.405728702317,2427.002663292571,6,4,4,0,1,5859,443,BENIGN
28647,20,25,54517.61067631425,1851.0180386724235,17,3,2,1,1,4753,8080,BENIGN
845,41,34,11323.761356405803,2317.694991376653,6,0,0,1,0,5878,443,FTP-Patator
14584,37,21,25754.558723931987,1964.1400502816837,17,4,3,0,1,50896,443,BENIGN
18289,49,32,12869.128261415539,4733.5782155818815,6,2,3,1,0,43487,21,BENIGN
21763,26,21,46396.78613639037,4333.456395467204,6,0,4,0,1,5690,21,BENIGN
11794,17,17,31641.37540523042,221.29775152372298,6,4,1,1,1,25872,21,FTP-Patator
44138,9,7,44944.57412557392,3285.2841530599335,6,1,0,1,1,32128,443,BENIGN
19396,18,33,26896.59849587938,2620.6257394956774,6,1,0,1,1,16772,80,DDoS
7750,18,37,10839.596890330939,973.597007080046,6,2,3,0,0,46560,22,FTP-Patator
9075,23,1,30647.107853206624,796.8409695343609,17,0,4,0,1,1863,8080,BENIGN
37539,27,15,28312.876720248878,3506.572371736345,17,0,1,0,0,42953,443,BENIGN
15631,41,45,144.48215512658842,4480.764783357695,17,1,0,1,0,34610,21,BENIGN
44390,20,44,19548.148514437682,883.6952556196514,6,1,3,0,0,17438,22,BENIGN
4710,42,25,11601.792247102221,763.0315527559843,17,4,1,1,0,8860,443,BENIGN
6550,43,20,48814.47836921263,1660.872263639283,17,1,1,1,1,56121,22,FTP-Patator
31217,46,16,84148.7710869541,2429.9186183436427,6,3,0,0,0,50102,22,BENIGN
33212,33,17,48527.57788122075,2624.333448459329,17,4,4,0,0,12851,8080,BENIGN
22196,34,5,64146.29875693012,2321.1729550742934,6,2,0,1,0,41191,22,BENIGN
6984,42,15,49089.55489728001,888.928596098076,6,2,3,1,0,3538,80,BENIGN
33756,41,24,20015.634973877724,1174.1301758898392,6,0,3,0,0,59677,8080,BENIGN
38572,35,40,84415.34691362486,1552.987740229095,17,2,3,0,0,16755,22,DDoS
32351,38,1,23831.900575626034,1396.9749659614126,17,4,4,1,1,13123,8080,BENIGN
20034,48,32,55202.61436201529,3624.2753357064375,17,3,3,1,1,17254,8080,DDoS
43662,37,11,79899.88936738498,1678.475432348736,6,4,2,1,1,13796,21,BENIGN
25890,29,28,32531.947781782535,2586.144290484569,6,3,2,1,0,19944,21,BENIGN
40218,34,43,75138.78994646082,3586.8055114951735,17,4,4,1,0,6545,22,PortScan
8599,42,4,13568.226705280455,2558.1479986210256,6,2,4,0,1,7187,22,DDoS
12324,34,8,67078.52506002324,3902.2205989793747,6,1,2,1,1,56705,443,DDoS
47375,41,24,46727.98328565271,346.8608689985038,6,4,1,1,0,55508,80,FTP-Patator
12346,31,40,49599.783477737816,2894.4576554755904,6,4,3,1,0,11053,80,PortScan
32936,47,31,9154.494060276947,1531.3286304541466,17,0,3,1,0,1193,80,PortScan
28396,26,25,63834.04006686583,3515.6724608967556,6,0,0,1,0,35108,22,BENIGN
49390,30,20,83539.32518963687,1457.4553557269608,17,1,1,1,0,60518,443,BENIGN
23908,42,4,61491.97590819437,3422.3695481578975,6,1,2,0,0,64592,22,BENIGN
1197,29,41,39571.22072738777,2450.572183472093,17,2,0,1,1,28237,21,BENIGN
44839,15,37,31890.148134951152,2900.530208930914,17,1,3,0,0,43737,22,FTP-Patator
49492,8,28,85365.92207951946,2156.1576282869282,17,1,4,0,0,50603,21,BENIGN
36529,49,28,34480.75142177679,4532.243106725862,6,2,2,0,0,7488,80,BENIGN
9804,46,21,23952.30193313501,3993.8370285510778,17,4,4,1,0,53747,443,DDoS
6191,13,35,16169.591544456776,2039.0451392217822,6,4,0,0,0,23045,22,DDoS
49213,38,14,49636.00794754583,4301.604550040411,6,4,2,1,1,21790,80,BENIGN
38639,26,16,753.1545936696887,1794.577982172262,6,1,3,0,0,60710,80,BENIGN
49245,46,27,64788.0241619388,1448.0577476341582,17,4,4,1,0,16373,80,BENIGN
32361,25,38,75123.89034324426,1453.5606993586864,6,0,1,0,0,37161,21,FTP-Patator
46086,33,23,85415.10136609364,2932.461852152082,6,4,2,1,1,25399,443,BENIGN
42805,47,39,57830.824322440094,1871.6719743398792,6,2,4,0,0,59616,21,DDoS
10413,17,49,1560.4444937961664,3027.0681635646183,6,4,3,0,0,20290,443,BENIGN
27511,37,15,11736.291924146779,1766.3494409811653,6,2,2,1,0,22010,8080,BENIGN
2799,38,43,95480.9715150575,4766.49592679467,17,0,3,1,1,39877,22,BENIGN
6595,25,5,70569.62665522844,4197.171163006291,17,1,2,1,0,43762,443,BENIGN
21335,49,13,4948.53111979885,517.1545271644742,17,4,3,1,0,15927,22,DDoS
44569,1,22,71735.57947554669,4833.971893025993,17,3,4,0,1,32507,80,BENIGN
7147,48,2,63123.514394485996,1693.5959294785357,6,0,3,1,1,48810,443,BENIGN
37447,23,48,45047.41026996751,4327.622171975833,17,1,0,0,0,63706,8080,PortScan
16583,12,38,69884.30483911245,3126.934840546207,17,0,1,1,0,30068,80,FTP-Patator
5279,16,21,89338.49829096496,2302.87512146746,17,1,4,0,1,54355,443,BENIGN
12597,28,25,74835.07633042017,1267.306697007259,17,3,1,1,0,5802,8080,BENIGN
24377,11,32,82339.21608469087,2457.5690874816323,6,1,2,1,0,48578,8080,FTP-Patator
30064,4,11,56761.895468713315,3562.696189209102,17,4,1,1,1,63034,22,BENIGN
46116,47,37,14582.985518413274,2780.3211537926027,6,2,4,1,0,4966,22,BENIGN
41742,12,6,62730.77844521888,3861.905059925431,17,0,1,1,0,49706,443,BENIGN
16247,43,34,35844.78526183563,2052.306620290645,6,0,2,0,1,62098,22,BENIGN
43272,38,40,28565.256691174673,3963.9080551816996,17,4,0,1,0,20996,8080,BENIGN
47617,35,34,66173.36329422887,2257.7118051845896,6,1,1,1,0,48164,21,PortScan
37559,28,8,32204.428968259454,2885.1790025833116,17,1,2,1,1,11767,21,BENIGN
2564,41,7,23312.02908943244,3649.8439412608777,6,1,0,1,1,15582,80,BENIGN
16505,7,47,66994.91023429592,3487.050240576036,17,2,1,0,1,13253,80,DDoS
3972,4,27,31855.433799361144,4301.2999805283425,17,1,3,0,1,17978,443,BENIGN
38473,28,35,839.291707367232,745.8851179399254,6,0,1,0,0,26115,22,BENIGN
948,17,1,16183.112576305917,2927.3265684381563,6,1,1,1,1,41521,21,BENIGN
33613,13,36,35291.26750772779,745.9972056436842,6,3,1,0,0,6529,8080,PortScan
30938,48,11,40438.003045191326,587.8564745305898,17,1,3,0,0,29688,443,DDoS
33125,47,49,24108.82575608177,550.7250611320682,17,3,3,1,1,32692,21,BENIGN
37679,30,18,69665.70848986131,1718.2188517956058,6,0,0,1,0,26961,8080,BENIGN
36668,42,33,90773.30235900346,2038.502904994378,6,1,1,0,1,20195,22,BENIGN
36098,19,29,56537.23488152678,4245.9557570541565,17,4,1,0,1,53526,80,BENIGN
19178,27,16,39407.52875833506,739.8347164093086,6,0,3,0,0,40549,21,PortScan
9978,40,8,71431.12863216433,3167.8021747220405,6,1,4,0,1,62160,443,BENIGN
13395,47,49,59777.043788067065,959.5390191524383,17,1,2,1,1,59613,22,FTP-Patator
20815,14,45,17241.76198183268,1272.588863367399,6,1,0,1,1,14711,443,BENIGN
27692,9,4,96670.22008881663,1035.9875998210366,17,1,1,1,1,10734,22,BENIGN
26383,14,33,5051.78789952978,293.32417155279893,17,3,4,0,0,44935,443,BENIGN
23073,13,10,58344.39382054985,855.6416180233595,6,3,1,0,1,36588,22,FTP-Patator
19498,44,32,40616.10186783026,4668.943623850176,6,0,4,0,0,30038,8080,BENIGN
10029,1,41,94741.65529040294,4872.675214087673,6,1,4,1,1,44814,22,BENIGN
31036,39,11,45942.93813919747,884.2045977281384,6,2,0,1,1,13246,22,BENIGN
25404,33,26,17732.902315229847,3730.8092608459197,17,0,2,0,0,38731,22,BENIGN
17590,3,39,74054.0088931575,3087.9133977838264,17,0,3,1,0,28125,21,PortScan
48222,5,14,58060.486350073,148.26473833183343,17,3,4,0,0,39030,443,FTP-Patator
10531,1,38,24940.258168261935,4862.342930246802,6,1,0,0,1,4059,80,BENIGN
33204,43,20,32349.04669434908,232.9991002701309,6,0,2,0,1,27648,443,BENIGN
11227,14,8,48596.93196914613,3921.3251637670633,17,4,0,1,0,64180,8080,BENIGN
39728,12,25,16125.19188999036,1949.8521551131014,6,1,4,1,1,48409,80,BENIGN
19801,12,5,41366.532440448784,2168.4467676723093,6,3,2,0,1,32582,8080,DDoS
25366,31,38,28522.18156249355,1964.3016983226746,6,4,1,1,0,25625,22,PortScan
35707,33,22,54265.27745041644,3164.291801390889,17,1,4,0,1,4319,443,FTP-Patator
46813,8,47,63854.24789841487,4612.5782287335705,6,0,3,0,1,35607,80,DDoS
49917,5,40,44246.97372351343,4095.883240056761,6,0,2,0,0,15013,22,DDoS
17101,34,32,98352.44200442838,2734.648173357977,17,3,3,1,0,53520,22,BENIGN
39717,20,4,85791.02082849538,1556.6634076305622,6,1,4,0,1,21975,443,BENIGN
14408,23,13,3769.8114994080806,2306.273193630938,6,1,2,0,1,8579,21,BENIGN
11006,6,16,29793.42243562068,3412.8198903820694,6,1,3,0,1,28541,22,BENIGN
36299,2,43,82453.1217147291,2149.951802457678,17,1,2,1,0,1875,8080,BENIGN
40552,46,17,66492.46312294803,4527.4878390804215,17,1,1,1,0,58552,443,FTP-Patator
13838,38,20,28627.11126759811,1005.6894404796979,6,1,1,0,1,64517,443,PortScan
10158,4,15,36051.88232215075,2871.889496262672,6,2,0,1,0,27117,21,BENIGN
47536,10,1,38102.49644954794,1043.9139324510566,17,3,1,1,1,21621,80,BENIGN
8410,45,33,58051.03333161948,396.62813951237706,17,2,3,0,1,32823,80,BENIGN
46947,15,2,39675.29098640091,962.618827649564,6,4,0,0,1,7010,443,BENIGN
4070,38,1,85872.28522457342,569.5168746994445,17,4,2,0,0,7239,80,BENIGN
49025,47,33,1899.728313278669,904.4679628905119,6,3,3,0,0,37162,21,BENIGN
15290,46,8,62033.605324147335,1716.936631879835,6,4,3,0,0,4989,80,BENIGN
43781,33,36,84929.55459687846,4694.713819700818,6,3,3,1,0,42611,22,BENIGN
35973,25,45,72530.31520680863,2444.6556286778896,6,2,2,1,0,54025,8080,BENIGN
4585,25,8,11794.935489929429,361.54949580251133,6,2,2,1,1,32689,21,FTP-Patator
7949,10,39,31300.397267476208,2217.8895947090036,6,0,4,1,1,29651,21,BENIGN
38995,17,7,14700.86229974425,4205.2148005618665,17,2,4,1,0,22497,8080,FTP-Patator
48638,23,6,96500.83475672976,3484.8127336894754,6,4,1,0,0,50161,443,DDoS
34224,31,42,98123.70259397685,2061.7975229608674,17,1,3,1,1,26464,21,BENIGN
22140,48,1,92178.06068158422,226.78354896728243,6,3,4,0,1,41951,8080,BENIGN
21543,31,34,97913.59261712342,4723.245372993848,17,4,4,0,0,11261,22,BENIGN
39389,16,11,28245.794049382584,2742.9076972006,6,4,1,0,0,36142,22,BENIGN
43854,30,39,57663.753955723856,790.9594925683763,6,4,0,1,0,60744,21,PortScan
41511,28,36,93702.99869992651,2304.073826132228,17,3,2,0,0,4763,21,BENIGN
17493,29,39,91371.73591321765,1578.570480049809,17,0,4,0,0,32008,443,BENIGN
47511,19,42,74071.97745850398,3136.002043478044,17,0,4,1,1,49301,22,BENIGN
20829,12,31,10239.250398736609,4869.961388293965,17,4,1,1,0,62782,80,FTP-Patator
37854,3,29,40138.2207256701,451.79839579605766,17,2,3,1,1,13829,80,BENIGN
38602,16,39,8280.135541617141,317.8055623949055,6,3,3,0,1,23148,22,BENIGN
7001,45,49,38020.111197111524,1895.690633944803,17,1,1,0,1,62006,8080,DDoS
32170,10,11,18576.152103607983,3139.819126001434,17,1,2,1,1,53643,21,BENIGN
48344,46,11,90793.6392728005,829.1053952605108,6,4,4,0,0,8528,443,BENIGN
20374,14,20,40705.690439510014,199.3516882287555,6,2,3,1,1,48735,80,BENIGN
39321,6,28,10375.939564264192,2151.885986653684,6,1,1,1,0,54194,21,BENIGN
25094,32,23,5077.658092779129,1944.7831308220493,17,0,3,0,1,51693,21,PortScan
32967,48,48,66352.0131631685,2871.798662516424,6,4,3,1,0,17719,8080,BENIGN
9679,47,39,6754.6288485290315,4454.817608433254,17,0,3,1,1,5881,22,BENIGN
7708,28,10,63569.51062883837,4773.247811392033,17,4,3,1,1,29472,8080,FTP-Patator
42644,9,21,49750.864664083936,3191.918503608666,17,4,0,0,1,18631,21,BENIGN
41336,11,29,74336.81658656242,739.0895525557779,6,1,3,0,0,56049,80,DDoS
45557,27,38,12719.66590843096,2103.088606987873,6,4,2,1,0,1476,21,BENIGN
14244,18,13,10743.782928726829,3248.768708604074,6,2,3,1,0,42526,80,FTP-Patator
28555,12,34,68400.51210826322,4402.496682614357,6,3,2,1,0,61564,22,BENIGN
12077,2,3,42009.90916554495,2393.9200637399626,17,4,4,0,0,41539,22,BENIGN
9884,13,14,66333.85438819406,2768.079351028028,6,3,0,0,0,55198,80,BENIGN
32567,35,6,19212.20106034132,493.932336459289,17,3,4,0,0,18676,22,BENIGN
21561,17,46,39912.16312133178,1328.1582622968758,17,3,0,1,1,55275,80,BENIGN
868,31,19,82743.86004674196,3321.568277448832,17,4,2,0,1,6632,80,DDoS
14160,48,34,5148.854030971394,2482.1426320086866,17,3,3,1,0,56627,21,DDoS
31145,6,30,83888.36878877493,3277.7204849190393,17,3,1,1,1,28614,80,FTP-Patator
11645,18,20,16748.00534304674,970.0996790315038,6,3,1,0,1,22197,443,BENIGN
37832,13,28,23444.741203626665,84.89427423269609,17,4,1,0,1,55103,22,BENIGN
39938,39,28,51651.202583453174,4201.115007488375,17,3,0,0,1,50470,8080,BENIGN
12079,34,3,39544.31040127393,1540.3691898349218,17,1,1,0,1,8554,22,BENIGN
11470,23,9,70900.05548185209,1039.7374581198544,6,1,1,0,0,43628,443,BENIGN
35892,30,18,35819.75971463472,3561.0722535452487,17,2,4,0,0,5402,22,FTP-Patator
28227,26,23,4863.795713969974,1327.5593075231118,17,3,1,0,0,1370,80,DDoS
19248,47,42,42533.24258321845,695.344443787192,6,4,3,1,1,42820,21,DDoS
35244,16,15,98644.0271195913,4560.699043925126,6,3,4,0,0,33967,80,BENIGN
40716,3,28,63315.56137595361,2687.280399936604,17,2,3,0,1,21069,443,BENIGN
30184,26,42,52583.05137548373,1231.9200268416241,6,1,1,1,1,47256,21,BENIGN
24932,41,4,95318.25409394912,765.2977391429332,6,1,3,1,1,21316,21,DDoS
49839,18,30,65979.78954561836,2590.1547465617805,6,0,3,1,0,5799,22,FTP-Patator
4408,39,49,5336.008502305219,4163.184064334079,6,4,4,1,1,42041,21,BENIGN
25762,43,39,80018.32558868478,2631.933205746343,6,0,1,0,0,39044,22,BENIGN
17757,31,11,63037.50767949508,1184.2850047058007,6,0,0,0,1,4996,443,BENIGN
2469,20,32,55829.349155376236,1462.64465617091,6,0,3,1,0,57017,21,BENIGN
42941,44,40,45878.92392907306,1468.0856682637002,17,3,0,0,1,22339,21,BENIGN
1546,5,28,18575.935481468747,2683.952450836501,17,2,2,1,0,33314,21,BENIGN
23463,11,42,2697.720368105107,2722.366939302853,17,1,4,1,0,13408,21,FTP-Patator
46250,37,6,43554.09891345307,355.2693980219293,6,4,3,0,1,8653,8080,DDoS
44009,8,8,80345.73184721629,3377.6540028945183,17,2,3,1,1,40973,80,FTP-Patator
42605,48,36,2770.8929044420665,4805.886737328181,17,0,4,0,1,40511,80,BENIGN
38244,11,33,85185.05072551791,4140.035302004388,6,2,3,1,1,60764,80,BENIGN
35725,11,47,82145.20821367373,933.120723036705,6,0,3,1,1,25451,80,BENIGN
44370,10,16,69551.02428410413,4369.351292225117,17,4,4,0,1,37245,80,DDoS
3893,13,7,86662.40972309424,4970.225708543798,17,2,4,1,0,41100,22,BENIGN
1976,10,37,26159.755957246318,279.3953928945303,6,2,2,1,1,30544,8080,BENIGN
44199,44,19,17702.53645019943,3838.584857994205,6,2,0,0,1,27126,80,FTP-Patator
7945,39,34,96137.73797765249,1698.2590625097373,17,1,0,1,0,42275,443,FTP-Patator
11590,46,4,17683.22781638191,3467.678961338828,6,1,3,0,0,6114,80,FTP-Patator
46444,22,9,667.1955692583399,3340.454344464081,17,1,3,0,0,53572,80,FTP-Patator
41177,10,35,52583.65533763741,3196.502063845342,6,3,3,1,1,44531,443,FTP-Patator
28543,14,13,93718.10534287055,3205.7053763560916,6,4,0,1,1,46368,22,BENIGN
27600,43,29,79419.70744296651,289.41507559439884,6,1,0,0,0,58689,443,BENIGN
47484,22,48,46153.44193120421,2398.900681820561,6,0,0,0,1,6857,8080,BENIGN
1159,31,2,93462.35892421276,2171.932554149824,6,3,4,1,0,52190,443,PortScan
4817,18,43,142.1048127627189,4560.72880568577,6,4,3,1,0,19297,80,BENIGN
2747,23,23,36283.94404839026,4322.904492760657,17,2,2,0,0,4073,22,BENIGN
33396,11,23,98969.17835403714,1607.6738960706648,17,4,0,1,0,21734,8080,DDoS
38604,16,11,68515.53644351907,2335.4037022052257,17,3,2,1,1,28388,8080,BENIGN
10465,1,30,62343.18845083658,3830.6547736546054,6,2,3,1,1,17660,21,BENIGN
8545,11,27,58564.86886668715,3861.230781807597,6,4,3,0,1,42690,22,DDoS
39933,14,46,18529.50954403228,1589.5494081911447,6,2,2,1,0,13115,80,BENIGN
38230,8,8,87731.68402990037,1422.7396177621602,17,1,1,0,0,20980,8080,BENIGN
22705,42,44,28654.916097852572,2812.918563477899,17,1,4,1,0,44765,8080,BENIGN
18880,42,44,67957.56616270165,2000.0004065516505,6,1,1,0,0,65036,21,BENIGN
26223,21,28,14287.88650042564,1752.4095295685893,6,0,4,1,1,24961,80,BENIGN
25692,10,46,45099.215969379926,3657.7369479241215,6,4,2,0,1,27256,443,BENIGN
19935,21,25,54736.24829927444,4116.589412677592,6,2,3,1,0,36168,80,DDoS
44236,49,33,5535.284037262004,4483.585365466961,17,1,1,0,0,43878,443,BENIGN
41553,33,32,45968.31440607012,1312.234227236572,6,2,3,1,0,58023,21,PortScan
28368,27,16,14660.9146899624,4202.801116197981,6,1,3,0,1,11834,8080,FTP-Patator
49310,12,36,4374.247875736515,4110.815079087663,17,1,3,1,1,30814,80,FTP-Patator
32854,7,15,22730.233130321907,166.43678096787045,17,4,3,0,1,22082,8080,BENIGN
15085,27,16,65218.15965891031,4098.49883404742,6,2,4,0,1,39872,8080,PortScan
12842,32,33,23187.47093161513,4770.2735556332145,6,4,0,1,0,34146,80,PortScan
47563,30,39,77357.44219163732,3844.4462575706507,6,4,3,1,1,59092,80,BENIGN
42243,21,18,78661.4851292119,4397.346437375238,6,4,2,1,0,15127,443,BENIGN
20802,21,43,22774.839352852625,3839.189632680517,17,1,3,1,0,45629,8080,BENIGN
25489,23,24,82557.555415155,4201.6748774568005,6,3,3,0,0,55329,8080,DDoS
37717,8,2,55638.755314300164,11.519780131189599,17,4,2,1,1,3735,80,BENIGN
27292,1,49,63001.2309201712,3770.0482438953723,17,2,3,0,1,60895,8080,BENIGN
34292,39,42,60917.90174037762,1252.1693620659437,17,1,4,0,0,50284,80,BENIGN
36839,2,32,29753.05919544051,1977.3466783313756,17,0,2,0,0,47114,22,BENIGN
46132,17,9,17650.784787850953,4712.496597044471,6,2,0,0,1,35008,22,BENIGN
22934,38,3,38418.900412906296,3300.655996633105,6,1,0,1,1,10003,22,BENIGN
6907,8,29,44261.45486089532,272.7773288423175,17,0,3,1,0,9900,22,DDoS
6824,16,29,36674.89497492116,4201.347263305055,6,2,4,1,0,36834,22,BENIGN
18748,29,6,78924.20145411103,4329.757061688494,6,1,0,0,0,4097,443,DDoS
34482,37,10,30777.59655740705,4299.868813880181,6,4,0,1,0,46130,80,BENIGN
13558,18,13,53076.48045332721,4087.779327583478,6,3,0,0,0,54065,80,BENIGN
11024,40,42,13544.309606314842,4616.276585067238,6,4,4,1,1,36605,80,DDoS
7597,46,37,54141.59664604613,4485.741873963597,6,1,2,0,0,63388,8080,BENIGN
43984,15,41,57488.47187322023,1007.2680677250679,17,1,0,0,1,43279,8080,DDoS
643,16,48,8309.400724159615,4089.5083028797585,17,0,0,1,1,38352,443,BENIGN
18391,14,16,4267.186447547503,1686.0350981447405,17,2,0,0,0,50206,8080,DDoS
32108,35,15,18102.686067396065,600.4378358365542,6,0,1,1,1,50309,443,BENIGN
7940,47,6,39489.02203344735,1573.5108431993006,17,1,2,0,0,8303,443,BENIGN
42215,4,18,77517.31644836352,2309.3156728249046,17,4,1,1,0,20374,80,DDoS
28572,25,37,22340.61624853205,3458.2900828874745,6,3,3,0,1,62651,21,BENIGN
10447,6,34,87511.87633374221,462.0413345487524,6,2,3,0,1,8507,443,BENIGN
24012,40,23,73546.8904134847,341.65878069183697,6,4,2,1,0,7428,22,BENIGN
49122,3,8,84051.20057963922,4487.853804642924,6,2,4,0,0,9777,22,FTP-Patator
5997,24,17,32396.82701711637,460.36764243011544,6,0,2,1,1,63516,80,BENIGN
29606,24,10,84169.7427139452,2309.3470394844403,17,3,0,1,1,20218,8080,BENIGN
20776,3,43,46057.80951490904,1586.3052684858164,17,4,0,1,0,57664,443,FTP-Patator
8739,24,12,17697.085201134694,490.61490789703487,6,3,4,1,0,52322,443,BENIGN
384,43,14,18529.666397571087,4827.843661993689,17,2,3,1,0,60218,22,DDoS
44983,15,9,3939.7587615716607,4072.3549775601664,17,2,1,0,1,13019,21,BENIGN
14158,33,23,52827.25565725344,1886.8997991201352,17,3,2,0,0,64820,443,PortScan
7265,18,35,66391.15871059157,3293.803225699971,6,0,4,0,1,64075,21,BENIGN
44239,9,6,24831.21539964525,3817.596203192034,6,0,3,0,1,11218,21,DDoS
4594,47,8,8631.568385580187,2532.388470241181,6,0,1,1,1,8145,8080,FTP-Patator
17897,36,28,94055.26585257599,585.5936304988634,17,3,1,0,1,54612,22,DDoS
33432,12,20,34308.05642279298,2432.982287834516,6,3,1,0,1,44971,443,BENIGN
49572,40,39,78566.81963212302,586.064912370171,17,4,4,0,0,28908,22,BENIGN
8307,31,38,32406.458404321485,150.130945498049,6,2,1,1,0,6727,8080,DDoS
49760,38,19,3995.885131492283,4176.45342780349,6,4,3,1,0,63541,21,BENIGN
36740,10,38,30282.91499225522,770.7815257769146,17,0,3,0,0,37265,21,DDoS
48027,15,34,53955.42142590316,4331.450749592255,17,0,1,1,1,28715,21,BENIGN
44869,41,16,83873.67522567324,1162.6648282550807,6,2,1,1,0,63845,80,BENIGN
24141,1,46,29494.002098105368,327.52847111124174,17,1,1,0,1,45380,443,BENIGN
26845,31,41,50422.44621690411,2029.8291117366584,17,3,4,1,1,10328,22,BENIGN
32739,15,42,53768.84587432839,1909.3581236910932,6,4,2,0,0,15197,8080,BENIGN
40608,4,31,64042.65387793805,3517.8251678317206,6,0,1,0,0,60173,22,BENIGN
1548,23,36,84250.91772041307,196.66495027523285,6,0,1,0,0,49020,443,BENIGN
22364,9,48,84768.68016689295,2556.3956040351945,6,1,0,1,0,46148,8080,BENIGN
25175,25,35,17096.463857047573,3012.2226897611527,17,0,3,1,1,34395,8080,BENIGN
12757,35,11,45641.81360567403,3564.973794586886,6,4,3,0,1,26522,21,BENIGN
8940,37,36,66895.03257506488,1235.8633858329752,17,0,4,1,0,32290,443,BENIGN
12048,14,45,18996.49752765383,3885.4062195967454,6,4,1,1,1,19938,21,PortScan
30706,24,48,61016.142195324486,3080.3592054211317,17,0,4,0,0,9609,8080,BENIGN
20816,25,46,6482.3771232371955,1302.2798284097541,6,0,1,0,1,43763,443,FTP-Patator
49029,33,40,17813.197212950996,2372.302335121545,17,1,1,0,0,54707,8080,BENIGN
28705,16,43,17899.232660435,747.1272044256517,6,0,3,1,1,13680,22,BENIGN
20196,38,12,99978.49238851317,3336.4388202648784,6,3,1,0,1,44362,22,BENIGN
14047,37,47,66998.52759525039,4276.0077447892045,17,4,2,1,1,10043,22,DDoS
43622,23,16,42571.63006743256,351.80580252875217,17,1,4,0,0,13409,443,DDoS
49892,7,13,31141.1619389058,17.251479181220983,6,1,0,1,1,61490,8080,BENIGN
37206,48,35,99611.08944992624,2445.329725112213,17,4,4,0,0,27308,80,FTP-Patator
46140,26,9,16383.838265444927,4763.491226040473,6,2,1,1,0,26838,443,FTP-Patator
15157,14,4,92081.25392529315,3361.841097464335,6,3,4,1,1,30073,80,FTP-Patator
19261,11,49,60714.58506711421,1486.8006473380494,6,1,3,1,1,46216,21,BENIGN
7854,34,49,2873.835642883527,3916.5482681218405,6,0,1,1,0,56532,443,BENIGN
43146,6,14,91343.4449613473,4709.5778297444685,6,2,1,0,0,3691,8080,BENIGN
30169,26,23,26862.16683209625,1317.7555115965354,6,4,0,1,1,61878,8080,BENIGN
3871,20,14,20476.060309100914,4464.0376821539385,17,4,0,1,0,39739,21,BENIGN
8510,17,49,12311.851871168654,3801.330910907859,6,1,2,1,1,35366,22,BENIGN
12088,17,13,7181.082277243535,4848.193856110793,17,4,4,1,0,55490,21,BENIGN
22205,24,15,97920.5138604513,3041.999031558591,17,3,4,1,0,63309,443,BENIGN
21895,37,13,55579.89787344935,1113.1921693693607,6,1,4,0,0,50145,80,BENIGN
11648,32,44,53566.363995628664,4653.991452257048,17,1,3,0,0,47375,80,DDoS
23716,23,4,15761.418957923626,3807.0094017362203,17,1,0,1,0,44916,22,BENIGN
39102,49,18,14682.718050519574,1239.7704700340312,17,0,3,0,1,27665,8080,PortScan
22047,11,10,60071.17085304684,3837.913763104835,6,2,1,0,1,61842,443,DDoS
44896,38,48,10520.09318532293,4846.930377543744,6,3,0,0,0,6207,8080,BENIGN
22567,36,14,94906.25724861423,2406.3310020765853,6,2,0,1,1,63720,443,PortScan
18426,45,21,45972.327813596974,4031.535221120744,17,4,3,0,1,23911,22,BENIGN
22363,8,7,80084.37339083798,4995.9669167026295,6,2,2,1,0,34586,443,BENIGN
22136,3,47,37566.04649971803,1163.5566939656078,6,2,4,1,0,53406,22,BENIGN
26181,9,34,75936.6004927627,4797.192818873514,17,4,2,1,0,49432,443,DDoS
23959,27,35,47480.015648081244,1853.5798049772363,17,1,0,1,1,17125,443,DDoS
9202,40,3,79518.43510416451,2433.1689514369295,17,2,4,1,0,33024,22,FTP-Patator
41797,30,8,3266.9984835682553,2303.8823754014984,17,4,0,1,0,21530,22,FTP-Patator
47734,27,19,34886.79692187748,2310.1627522947947,6,4,2,0,0,51290,80,PortScan
5382,41,15,59493.99994384533,2162.710583685711,6,2,2,0,1,32625,21,BENIGN
20118,11,42,39865.69163536541,475.520984825962,6,3,0,1,1,38290,22,FTP-Patator
38669,41,21,60159.46483172797,1784.6992409930674,6,2,1,1,1,25665,8080,PortScan
19943,5,3,24900.403913629078,4432.658927718688,6,2,3,1,1,46057,22,BENIGN
14687,48,43,52200.29495760179,820.9262954321161,17,4,2,1,0,31116,8080,BENIGN
12712,49,36,70911.04920743851,4907.600960968758,17,4,3,0,0,43870,443,BENIGN
5653,14,24,37230.19904576762,3463.3580124457126,17,1,2,1,0,5912,22,BENIGN
26235,37,1,27014.751253039394,4367.573920095268,6,2,4,0,0,50792,22,BENIGN
6700,15,46,43190.916851587506,2843.929543530127,6,3,4,1,1,32244,21,BENIGN
18923,35,3,36646.04126780719,4565.505092343217,6,2,1,1,1,44677,8080,BENIGN
5478,30,22,29197.28482013424,2201.939394798266,6,4,2,0,0,64971,443,DDoS
37632,15,19,84912.65970787531,1095.5511688195859,17,3,3,1,1,57324,8080,DDoS
21530,15,11,27089.643933485302,1552.9408728307192,17,1,4,1,0,48436,22,BENIGN
5938,6,25,11108.487960920029,3614.957883249661,6,2,2,1,0,53985,22,DDoS
11465,49,32,94035.9633792585,3650.3088419335413,17,1,2,1,1,28722,22,BENIGN
44888,40,33,7981.549520535647,790.7723773508169,17,4,4,1,1,42799,21,BENIGN
23747,36,28,4873.614817897898,380.7233903876159,17,3,2,1,0,14403,8080,BENIGN
47651,37,1,91554.01437391825,1381.52585162181,6,3,3,0,1,32095,80,FTP-Patator
35188,2,5,52252.93193412957,618.2507852542564,17,4,3,0,0,37994,21,FTP-Patator
5690,14,29,40138.767313736935,2292.498872954645,6,3,2,1,0,7792,443,FTP-Patator
32639,11,20,64174.34222086512,1602.3378921472306,6,4,4,0,0,61959,80,BENIGN
36365,43,1,62646.06988340886,4598.3177271822815,6,1,0,0,0,46430,8080,BENIGN
12545,25,42,88704.63681968996,679.3199538953297,6,2,3,1,1,7923,80,BENIGN
7656,20,41,72389.55800515796,2090.8653766835873,6,4,4,1,1,19781,8080,FTP-Patator
7954,47,17,79888.08152534704,1740.5743479737228,6,2,4,0,1,31187,21,BENIGN
31697,30,3,39714.03080538159,2361.5687339325023,17,0,3,1,1,43079,8080,BENIGN
41450,47,12,50163.69066267022,4357.904249346731,6,0,0,1,0,35467,22,BENIGN
46399,39,44,47759.99044397336,2885.5397533782448,17,4,0,1,1,5730,21,PortScan
38449,7,1,23525.813928299867,687.3195045443638,6,2,4,0,1,17849,8080,PortScan
22877,25,7,26705.047895473883,70.75276832747073,6,1,4,1,1,45725,8080,PortScan
47300,14,39,76654.46544274782,109.08964149704556,6,2,2,1,0,12674,21,BENIGN
48331,45,6,41591.368983709435,3905.02574134859,17,1,1,1,0,12251,80,BENIGN
45899,30,28,50793.351187357686,3381.7062364943645,17,4,0,1,0,19638,22,BENIGN
34182,43,35,92218.57015180196,75.50206888383447,17,3,0,1,0,22035,80,BENIGN
37333,32,17,1114.1850466490175,2521.7357950274004,17,4,4,0,0,2971,80,DDoS
24824,40,17,90536.94573098113,3362.2233294225725,6,3,4,0,1,60779,22,FTP-Patator
46792,15,43,2262.3621044229926,1450.6643894804088,17,3,1,0,0,7210,443,BENIGN
32574,28,40,11818.92592642246,1792.5664937070985,6,1,3,0,0,9891,443,BENIGN
34294,4,38,65154.23658021402,4519.1390041480645,6,4,1,1,1,49048,8080,FTP-Patator
17957,19,37,49325.113242406194,3468.6730670139314,17,0,4,1,0,39064,22,BENIGN
29213,22,49,57084.776021548256,1255.3817919341177,17,3,0,1,1,9759,443,BENIGN
10901,11,26,45643.080328936,163.32534680763442,17,0,2,1,0,23177,80,BENIGN
3760,14,16,90293.33914047889,2084.574136205724,17,2,3,0,0,34402,21,PortScan
37634,13,44,62575.25753637163,1129.5685950837317,17,1,4,0,0,54423,8080,BENIGN
19541,28,6,94480.32003863927,3932.870652165842,17,1,1,0,0,53221,8080,BENIGN
17072,9,42,55931.70948898752,2120.042276542089,6,4,1,0,1,10263,21,BENIGN
214,29,29,89619.68649445778,1568.8625793568824,6,1,3,1,0,44193,80,PortScan
15917,8,43,66693.16831948284,3649.9349437661176,17,1,3,0,0,25080,22,BENIGN
38774,45,8,22070.56594503293,1238.8164360581925,17,2,1,1,0,9929,8080,BENIGN
34861,12,13,17390.757016352563,1572.434665286963,17,1,3,0,1,35289,80,BENIGN
21884,12,46,10680.885397658407,1251.1375618015652,6,3,4,0,1,35179,22,BENIGN
11300,42,25,84498.43737442828,4888.257162422052,6,3,4,1,1,63538,443,BENIGN
14914,18,11,33123.78027882651,1213.0484552078426,17,1,2,1,1,37747,8080,BENIGN
588,22,16,69693.24030534783,2040.8877870218344,6,0,1,1,1,35980,21,BENIGN
8890,28,18,1823.2085167210669,390.856597337291,6,1,1,0,1,55357,21,BENIGN
49610,35,39,48607.49858657145,297.53067033075166,6,2,4,0,1,53842,80,PortScan
38356,18,22,73520.01890211411,2982.1674663562053,6,1,0,1,0,48515,21,BENIGN
15693,47,38,2902.0512453133524,3870.6133832539767,6,2,4,0,1,20182,80,BENIGN
25793,24,32,71303.64447933837,1184.3193891020458,17,4,4,1,1,36288,80,BENIGN
27059,15,31,47317.37492486487,4584.035803035734,17,4,3,1,0,9299,21,BENIGN
47658,27,3,96390.44376002095,682.5751700911064,17,1,2,1,0,12003,8080,BENIGN
7127,27,5,2924.472766798889,2342.683813303645,17,4,4,0,0,41900,21,BENIGN
45680,30,19,50669.229125036225,643.2163390273043,17,1,0,1,1,60830,21,BENIGN
49716,41,35,56407.57942524487,4685.991182692049,6,1,0,0,1,29999,21,BENIGN
24272,8,1,52589.34924110837,2811.8662493991505,17,4,3,1,0,51124,8080,BENIGN
28554,18,47,48415.4916511567,4468.919649394374,6,3,0,0,1,51470,443,BENIGN
5832,42,17,45657.18961144802,2982.681310327752,17,1,2,1,1,43551,22,FTP-Patator
5966,28,22,29001.14702686331,630.6972421938996,6,0,3,0,1,15975,22,BENIGN
45389,20,16,3524.33771867947,1174.7829888244316,17,4,4,1,1,54081,443,BENIGN
5267,19,8,91751.69672991482,1927.9571680553813,17,0,1,0,0,63026,21,BENIGN
21981,10,28,96746.37143366839,1158.9938963366887,17,0,4,1,0,50028,80,DDoS
31075,16,42,84339.50566934438,185.77876100046285,6,2,0,0,1,44845,80,BENIGN
24068,3,38,85532.83578493795,2269.206853172569,17,3,2,1,1,45093,8080,BENIGN
43742,22,23,79122.46545780335,1172.843437180523,6,0,1,0,1,27169,80,BENIGN
6945,7,10,85789.94897950924,1284.917341231468,17,0,4,1,1,51888,443,PortScan
48921,45,23,42397.66191343577,489.56807609966916,6,0,3,1,0,11081,22,BENIGN
46919,23,10,5491.961234224454,4775.53035836444,6,1,1,0,0,52588,8080,BENIGN
35369,16,19,3613.5184718923865,4297.048389626979,6,1,4,0,0,20746,80,BENIGN
956,6,35,63083.45480083084,511.0071933489472,6,1,3,0,1,3109,443,BENIGN
38270,41,38,14979.004219688391,2231.5271173933957,17,2,0,0,0,33117,8080,BENIGN
30570,3,49,21110.484285944338,481.42051881481257,6,4,3,0,0,20351,80,BENIGN
13963,11,11,67846.53451281533,1257.4247087608117,6,1,3,0,1,50115,22,BENIGN
18378,5,24,29482.733792424922,4652.804827488143,6,4,0,1,0,29277,443,FTP-Patator
24143,45,23,81171.87768176703,2153.3333200328434,6,2,4,0,0,3952,8080,BENIGN
30717,32,16,61643.5888993309,1605.130889252685,6,2,3,1,0,11218,22,BENIGN
17430,15,34,406.05170927372643,250.67126421494672,17,3,4,1,0,18874,22,BENIGN
11629,7,19,79190.8988288491,2371.404437869506,6,0,2,0,1,40127,443,BENIGN
8827,33,6,96430.83008969843,2442.4210155511432,17,1,1,1,0,50811,8080,BENIGN
6117,18,44,17784.75325494388,1876.3524798925994,6,2,4,0,0,35543,80,BENIGN
3731,1,40,47276.24127806045,3492.1858591561167,17,2,3,1,0,26154,21,DDoS
27016,3,23,90620.31966931034,338.28068897970235,17,2,0,1,1,64547,443,BENIGN
13256,21,43,34380.2267542512,458.4877999648078,6,2,2,1,1,7885,8080,BENIGN
39553,37,15,51818.07111464159,2274.5950934543043,17,3,2,0,0,8368,8080,BENIGN
252,27,34,65371.377754789144,2306.2832839713637,17,3,3,1,0,43011,22,BENIGN
36417,23,11,68256.97719251449,1068.3146444455756,17,1,4,1,0,32830,443,FTP-Patator
40203,37,33,8123.483091797551,982.1787848133556,6,3,0,1,1,33789,22,BENIGN
2755,27,9,39080.94714763409,1690.4670969866252,6,1,2,1,1,2974,443,FTP-Patator
42355,7,9,39792.23098299687,1539.289417897433,17,1,4,0,0,64185,443,BENIGN
10937,34,4,9433.78375782157,576.5735385577422,17,1,3,0,1,23811,80,BENIGN
14910,27,12,21097.067984328976,1816.1106691878817,17,1,4,0,0,17155,8080,BENIGN
18708,36,22,24005.76058109054,432.90814491312705,6,1,2,1,0,11970,21,BENIGN
30825,39,47,24365.817110753094,3750.222105033297,6,4,4,1,1,35460,8080,BENIGN
29139,36,12,97808.46640403185,1391.564795073045,6,2,3,1,0,61900,443,BENIGN
45657,27,10,77055.37512038942,2898.333996754889,17,4,4,1,1,27416,22,BENIGN
6766,29,33,2390.033927228154,2735.7386956076734,17,0,0,0,0,30995,22,PortScan
38743,6,28,71319.15716195217,4163.803812448579,17,4,2,0,0,62074,443,DDoS
14041,27,43,29517.08341650801,3510.1953460188224,17,1,4,0,1,13126,80,BENIGN
6151,18,3,45229.50967896069,1312.1787065522433,17,3,1,1,1,35094,22,BENIGN
5948,23,23,94701.35721468057,575.9154355939279,17,4,1,0,1,7300,443,BENIGN
46150,40,25,79839.76342490446,883.5449735382646,6,3,4,0,0,27424,443,BENIGN
21100,22,31,45317.32155803531,206.74508373123498,6,1,2,1,1,4548,22,BENIGN
18189,7,13,7253.7740049114445,2815.169944484644,17,3,4,1,0,39966,80,PortScan
4086,8,42,83074.10767156655,4616.787424086584,6,4,3,0,0,44079,443,BENIGN
36568,33,6,7454.767363762544,2226.9287110815126,17,2,2,0,1,22962,22,BENIGN
8808,43,15,32321.949550002057,3365.1805655106514,17,0,3,1,0,7605,443,FTP-Patator
15710,27,8,83065.74689061206,4979.10583314786,6,3,1,1,0,2615,21,FTP-Patator
34870,21,22,46073.47903742752,4124.623489148338,6,0,2,0,0,17449,80,BENIGN
41723,32,10,54290.63162304726,768.2870578411636,17,4,0,0,0,36104,80,FTP-Patator
29204,12,45,28982.565866379642,2617.6362558751875,6,3,1,0,1,8063,21,BENIGN
14133,42,22,86163.63189880176,1193.5692415250794,6,2,1,1,1,12659,21,BENIGN
17560,39,27,79889.61311164741,4847.937027953296,6,1,3,1,0,46977,8080,DDoS
46495,13,10,96566.3755009951,657.289896580981,17,4,0,0,1,4313,8080,BENIGN
41087,21,13,80255.51494383083,3490.534295502112,6,3,1,0,1,64331,8080,BENIGN
1819,36,17,21196.447999752996,1706.3957445821977,17,4,4,0,0,8529,22,FTP-Patator
29767,47,20,89971.57008972751,3510.130100893333,17,2,1,0,0,26478,22,BENIGN
31167,1,46,30377.196934455173,2576.9490537478,6,1,3,1,0,60281,22,PortScan
29525,16,11,95705.06230929187,1122.6136395744352,6,1,1,1,0,58480,80,DDoS
24444,10,24,23924.58272443881,3815.869424115196,17,2,2,1,1,65428,80,BENIGN
13628,30,44,9831.727715383911,1945.0779869113092,17,1,3,0,0,11538,21,BENIGN
9702,39,27,67682.0649176153,71.20424109193713,17,3,1,1,0,48654,22,BENIGN
46547,21,23,71224.80306133437,450.5128573097214,6,0,0,1,1,13354,443,BENIGN
31811,33,28,48511.582933496116,2454.6528931392763,6,0,2,1,0,2166,443,DDoS
17320,14,33,25803.67413720271,324.86328097037295,17,3,3,1,1,58737,443,FTP-Patator
37831,41,21,10980.585724403178,4516.584040820194,17,4,0,1,0,7692,80,BENIGN
6519,3,14,35154.512821782846,4620.853875108134,17,2,2,0,0,7816,80,PortScan
42039,39,15,69571.86603468565,4343.975488033767,17,4,4,0,1,25928,8080,BENIGN
34954,21,48,66432.60974263406,2289.230797614461,17,1,1,0,0,4069,21,BENIGN
15527,23,29,25066.32289765131,3603.004707691053,6,3,2,0,0,15280,8080,BENIGN
40654,32,31,49231.414874431124,2097.6383650208936,17,3,1,1,0,22356,22,BENIGN
23047,8,26,33564.98202025877,588.9314799460223,17,0,1,0,0,22926,8080,PortScan
38503,41,40,80454.21874340353,4327.686736509313,17,2,3,0,0,57680,443,BENIGN
49946,30,45,72249.29929827603,1371.7475674775992,6,1,0,1,0,53824,8080,DDoS
26432,15,48,81951.92601611253,3197.98217079113,6,1,0,0,0,21142,22,BENIGN
32144,14,12,40559.73669779105,454.3592700389632,17,3,0,0,1,39091,22,BENIGN
7959,10,41,47390.66652086415,1433.6289541975564,17,0,1,0,0,14160,80,FTP-Patator
12833,14,4,11950.865723242203,970.8628427792831,17,3,3,1,0,6758,443,FTP-Patator
7678,45,30,47930.24485834092,817.0706730256771,17,0,3,0,1,51848,22,BENIGN
37282,9,32,91757.33117624336,3617.556822357602,6,3,0,0,1,57306,443,BENIGN
36833,49,6,14372.149800948278,1610.6037560991815,17,2,3,1,1,25778,21,BENIGN
20778,31,34,94329.99408364591,178.8045467602576,17,1,0,0,0,6416,22,BENIGN
6182,33,24,13672.788986056852,845.295005323945,6,1,1,0,1,29222,8080,DDoS
17037,39,42,87153.40510342864,3001.695037330748,6,4,0,1,1,62104,8080,BENIGN
23416,35,2,78738.2223166007,3237.9529397957335,6,0,1,0,1,29320,443,BENIGN
40265,30,6,57424.44523054064,22.28810269675645,6,3,3,0,0,61558,22,BENIGN
12819,25,49,66092.72836315684,4621.2047525002745,17,1,0,0,1,25918,22,BENIGN
13217,1,39,53814.51654311259,766.9813156270543,17,0,2,0,1,53828,80,BENIGN
48545,7,18,23049.849964800567,680.5584902361815,6,1,1,0,0,40056,443,BENIGN
8908,42,34,64808.6250968824,441.3807577295118,17,0,4,0,0,47412,80,DDoS
20574,25,49,91723.38092486715,2633.6888493472143,17,4,4,1,1,9167,443,DDoS
19765,42,10,62643.76486605627,123.34263999317731,6,1,2,0,1,51300,21,BENIGN
10625,33,13,81443.53774440555,4511.795186180173,6,3,4,1,0,54521,443,BENIGN
10984,8,5,55366.9570468147,2558.14021846412,17,0,1,0,1,30049,80,DDoS
43050,49,15,51468.72453234813,3009.2954045472866,17,4,1,0,0,62114,8080,BENIGN
22738,26,34,86834.65034305581,2887.8792711964106,17,1,1,1,1,7555,22,BENIGN
5679,14,24,49390.883858047775,733.4093676453791,6,0,2,1,0,2550,22,BENIGN
14644,12,39,42988.85217056009,2553.07283008511,6,3,0,0,1,22477,21,BENIGN
31805,9,20,80802.44271862373,2535.3950471554163,17,0,3,1,1,54303,22,BENIGN
35485,9,31,86911.7941306575,1664.1786909992627,6,3,3,1,1,21357,8080,BENIGN
8070,8,21,60855.323054454675,1049.9156573008956,6,1,1,0,0,47175,21,BENIGN
36360,43,26,48499.32623169885,3045.037113293872,17,4,4,0,1,61630,443,BENIGN
3209,47,31,84998.55091006208,2322.3318652735634,17,2,0,0,1,7821,443,BENIGN
16999,41,2,49907.00837769014,3542.9841479255274,6,2,1,1,1,59788,21,BENIGN
35486,9,33,60602.41997638299,748.9845457685537,6,1,3,0,1,51702,80,FTP-Patator
4929,40,49,91354.2619925192,4479.133017265235,17,1,2,1,1,42360,443,BENIGN
10989,14,47,86434.46805400022,1895.051261894737,17,3,3,1,0,62982,8080,FTP-Patator
15451,28,2,63196.413620932995,4989.1248588052595,17,3,3,0,1,43780,22,BENIGN
42493,19,41,64989.65789013606,197.16609915385501,17,3,2,0,1,40023,21,BENIGN
7942,28,42,75191.49674028822,4250.232348868168,17,1,2,1,1,53798,21,BENIGN
5412,30,8,55489.04402988765,1381.1518296950546,17,3,0,0,0,62465,21,BENIGN
27821,28,15,58291.116757457334,2743.1357503861336,17,3,3,1,0,35703,80,DDoS
2671,7,16,44986.56669600771,4513.758852563179,6,2,2,0,0,28206,8080,BENIGN
44518,42,39,44271.94176380564,335.11956513404897,17,3,1,0,1,31780,443,BENIGN
40815,33,49,46232.21915619325,4115.2690940259745,6,3,0,1,0,33957,8080,BENIGN
10694,31,16,24641.370051189926,2015.6019683931008,6,3,4,1,1,17880,443,BENIGN
41449,5,44,55936.26216690686,550.1073637348367,17,4,3,1,1,50292,22,BENIGN
13588,48,32,29090.69647013202,1652.3371953498565,17,1,4,1,1,16533,22,BENIGN
41588,48,41,75556.50967700838,4116.34346210776,6,1,2,0,1,47081,22,BENIGN
3136,1,44,72368.52549460497,4277.238558660873,6,2,4,0,0,53903,22,BENIGN
28210,35,35,15362.913975845251,4299.810252265682,17,0,3,0,0,10006,80,PortScan
38663,48,33,81104.568264036,3272.4285094909883,17,4,1,1,0,35728,80,BENIGN
32181,46,35,27678.73036871721,4650.484854812448,17,3,4,0,0,3745,443,PortScan
27809,10,31,46418.086924853604,4047.7076666686376,17,3,4,1,1,17619,80,BENIGN
12435,46,36,23415.056159123633,2192.0275566806017,17,2,2,0,1,43232,21,BENIGN
16713,47,45,64619.130375770415,3426.2141049787806,6,1,2,1,1,13762,22,FTP-Patator
19674,24,26,53751.77375638391,1199.5382321815287,17,2,0,1,1,36334,21,FTP-Patator
1226,42,4,27634.92042175624,3380.594549701375,6,0,1,1,1,22886,22,BENIGN
14239,49,1,47371.61551164149,2336.218392545992,17,4,2,1,0,40136,80,BENIGN
22505,26,10,39192.30394182561,1485.6324444772715,17,0,1,1,1,57046,8080,BENIGN
18328,18,8,8153.700232624465,4571.001784319668,17,1,4,0,0,3207,8080,FTP-Patator
9965,16,8,97169.35139476796,1780.3116474219537,6,0,4,1,0,45544,8080,PortScan
7413,42,43,1979.9737022580337,2838.787366717744,17,3,0,1,1,53168,22,BENIGN
32979,20,49,98879.37973567157,2056.3518877763427,6,3,2,0,1,46026,8080,BENIGN
6668,17,48,67603.38621372756,2241.670168828682,6,0,3,1,1,55160,21,BENIGN
6320,23,49,32090.76340860275,3558.0405011411076,6,0,4,1,1,16866,21,BENIGN
36171,30,12,10187.948570650828,4008.8005603529928,6,0,4,0,1,49533,443,BENIGN
19242,6,21,91222.62782344598,3371.7861099373067,17,2,0,0,1,20619,8080,PortScan
19490,3,34,96530.01859912726,2881.902708868789,6,2,2,0,1,57996,80,BENIGN
46073,7,8,88117.31464044139,651.5134262431154,17,1,0,1,0,64833,443,DDoS
7386,32,30,70777.90051344708,2657.859141788382,17,1,1,1,1,60077,8080,BENIGN
7626,13,19,28815.924955592727,662.5555726947478,6,4,0,0,0,42651,443,PortScan
38098,30,1,46048.80981436665,1941.5259782971432,17,3,1,1,0,41281,21,BENIGN
7368,25,37,10858.2288739092,4717.035377860315,6,2,4,1,1,41580,21,BENIGN
19314,10,47,58507.313160568505,1404.376509791808,17,4,4,0,1,13945,22,BENIGN
5134,22,46,16409.66324705055,3091.8057556857375,17,1,1,0,0,30189,443,DDoS
3325,24,24,81193.07237918953,3839.9527003200333,6,2,0,1,0,21133,443,BENIGN
47280,21,11,32288.28358768354,313.206349350658,17,3,3,1,1,60709,8080,BENIGN
34181,13,34,5031.427093151455,3846.750590343474,6,4,3,1,0,1355,22,FTP-Patator
27681,1,47,30800.37974734793,3007.9075706478393,17,2,4,1,1,61643,80,DDoS
39454,12,23,37926.37518686391,3975.2476030007733,17,2,2,1,1,63905,22,BENIGN
43513,40,8,18682.57538349608,3921.588926236731,17,4,1,1,0,62559,80,BENIGN
8211,43,13,4665.098043431855,1818.714534429693,6,0,4,0,0,2941,80,BENIGN
25354,26,33,45862.55027130976,909.8393156957917,6,3,0,0,0,26759,22,BENIGN
17296,12,14,11461.664544429883,4785.805843795391,17,0,1,1,1,12098,22,BENIGN
10836,41,41,68601.29356210498,4344.749504054613,17,0,1,1,0,57406,21,BENIGN
10412,28,19,17006.195238570777,2214.50506851766,17,2,0,1,1,26151,443,DDoS
47867,24,40,87686.57844822128,2229.558524839941,17,1,4,1,0,20616,21,BENIGN
37681,4,45,88479.53150653072,1039.5946214772089,6,3,1,0,0,61108,80,BENIGN
38562,24,39,61081.902946962735,1372.2381820100152,6,1,0,1,0,11528,21,BENIGN
17477,24,12,58588.04481861811,1264.84432439708,17,4,1,0,0,27012,443,BENIGN
12888,4,15,37127.95374987503,2530.0274218954855,17,4,4,1,1,27286,80,BENIGN
10676,18,12,18763.690890871174,2387.697190177338,6,3,3,0,0,14994,443,PortScan
21543,36,25,78902.0183320962,4276.315302978697,6,1,2,0,1,1791,8080,FTP-Patator
12912,28,17,8968.05337491245,3997.6809874884093,6,1,0,0,1,26672,80,BENIGN
35026,13,41,10743.861321058233,4278.619498087838,17,4,4,1,0,7172,21,BENIGN
39072,49,17,20772.87236221784,4707.809049554359,17,4,1,1,1,44191,80,BENIGN
31099,49,47,61964.936307950215,2006.124679260042,17,4,4,1,0,62873,80,BENIGN
20783,34,24,47937.26914686898,2955.151469283952,17,4,2,0,1,40998,22,BENIGN
7852,20,13,78389.07620829194,3693.185052852108,6,4,2,0,1,39574,21,BENIGN
6669,13,35,92172.93103859828,4129.070619714333,6,0,3,0,1,11091,22,BENIGN
26403,10,26,2575.373420291179,2495.7755719327165,6,1,2,0,1,5201,22,BENIGN
933,39,30,89448.77455582189,425.9709399331152,17,2,4,1,0,62907,22,BENIGN
24497,30,4,39422.657676633346,232.3577355483742,17,1,1,1,1,50586,21,BENIGN
22849,39,42,6516.149109105375,3013.6063416595816,6,3,1,0,1,11002,80,BENIGN
24368,18,33,83089.8487377936,1033.0116189374833,17,1,0,1,0,37223,8080,BENIGN
39774,43,20,36690.63859018287,4828.855013367122,6,1,4,0,1,35594,80,BENIGN
28907,45,1,22332.24440996277,3428.6376019182453,17,0,3,0,1,51077,443,BENIGN
22850,48,31,70269.64900743107,145.45559162974217,6,3,0,1,1,10781,80,FTP-Patator
43366,19,44,30158.48131140586,2234.7176015202513,17,2,3,1,1,60833,22,FTP-Patator
41787,4,37,96833.17131791417,283.0583796570322,6,4,0,1,0,29588,21,BENIGN
6984,8,14,55229.40230111817,4789.875096045131,6,4,4,0,1,48039,22,BENIGN
19477,20,5,3921.3669797081734,1106.0630124165784,17,4,0,1,0,24695,21,BENIGN
42416,13,3,14808.015466887533,760.9808872270004,6,2,4,0,0,6355,443,DDoS
12653,37,9,76348.6028314923,1560.8121996101513,6,3,0,0,1,46651,22,BENIGN
3754,37,45,53491.17177824132,3593.9327780845524,17,3,3,0,1,47758,443,BENIGN
34022,41,10,82590.84578304883,3589.1993546374906,17,3,1,1,0,12755,80,FTP-Patator
7933,20,32,96495.61569330376,3211.6342736413385,17,1,2,0,1,39733,21,BENIGN
20757,38,46,30497.48010740749,3863.0372095332214,6,4,2,0,0,37489,80,BENIGN
19662,14,38,23889.46562640751,647.6305985577048,17,1,4,1,0,49383,8080,BENIGN
43034,21,2,43054.46526580561,1858.695065154472,17,3,2,1,0,12095,443,FTP-Patator
22602,41,27,62395.96393997676,3975.3268440191973,6,4,1,0,0,30064,21,PortScan
24880,24,16,45175.010662145156,426.20257349833577,6,4,1,1,1,4346,443,FTP-Patator
43621,25,11,65401.76759434216,4446.701484740198,6,1,4,1,0,61673,80,DDoS
16428,36,41,12251.442044078967,632.5634135185164,17,2,4,0,0,55665,80,FTP-Patator
13545,39,10,6627.858568608599,419.80489685471684,17,0,1,0,0,3322,80,PortScan
36452,29,37,87458.86832415125,897.6645558123204,17,4,4,0,0,38276,8080,DDoS
41641,13,25,24141.175216227,4824.947459192735,17,0,0,1,0,49902,443,BENIGN
36789,12,35,53127.10183406316,2163.634022522968,6,1,2,0,0,34635,22,BENIGN
11327,32,1,78399.21055213944,771.1615781622812,17,3,0,1,0,51179,443,BENIGN
16741,8,1,48792.21161244763,1275.2549309318836,17,0,4,0,0,1863,80,BENIGN
34998,4,17,64363.673284856624,2152.708880312612,6,2,4,0,1,40465,80,BENIGN
10373,2,43,42677.141467687376,2114.4369259603845,6,3,3,1,0,22669,8080,BENIGN
29052,43,2,30349.960714531124,4424.463281792704,17,2,3,0,0,6274,443,BENIGN
32136,28,46,74478.90669750003,1218.4528332707098,17,4,2,1,1,21514,80,BENIGN
33358,1,36,17021.441541811255,3632.995689740091,6,1,4,1,1,52800,443,PortScan
3049,39,35,75109.83342371829,2839.8349781267516,17,1,0,1,0,1707,8080,PortScan
45336,27,46,76592.1463579863,2474.3665966101776,6,0,0,1,0,1889,8080,BENIGN
28125,27,21,87373.5169997817,3996.3444654060795,17,1,4,0,0,16645,22,BENIGN
18795,19,49,19603.527864855063,982.5141029350295,6,3,3,1,0,20765,22,BENIGN
20028,2,35,62977.97357028373,4151.312571693608,6,4,2,1,1,9797,443,PortScan
45935,17,13,66516.27794083752,571.7490443343694,17,0,1,0,1,39626,443,BENIGN
15651,15,46,34646.26400711492,2533.7482232026346,17,4,3,1,0,25125,8080,PortScan
37592,44,33,71201.79334363915,3748.8181695085245,6,3,1,0,0,35366,8080,DDoS
32783,38,17,66686.9504710955,816.3700005045839,6,0,3,1,1,10190,8080,BENIGN
13888,22,46,16674.712814113216,3611.612391271853,17,1,1,1,0,54793,22,BENIGN
30914,5,13,84642.69483294249,4612.090862181842,6,3,2,0,0,10418,22,PortScan
32474,39,17,93517.81946263347,1390.3732934744282,6,0,0,0,0,15331,22,BENIGN
37471,42,32,58234.87591106596,4313.357762147835,6,0,2,1,1,59281,8080,DDoS
43101,27,11,46600.47680973879,2245.031395407642,17,3,0,0,1,32172,22,DDoS
6933,11,35,91729.07300761664,1482.7829817664765,17,3,4,0,0,16698,80,BENIGN
9641,38,4,66872.45234602156,2586.940943744121,6,4,4,0,0,9249,21,BENIGN
32387,18,9,47992.51202005444,2537.9077552508493,17,4,4,0,0,53822,80,PortScan
13312,24,44,84396.76486737718,3695.78767669246,6,0,0,0,1,43845,8080,BENIGN
41339,32,32,31520.72250645109,2813.9525679307335,17,3,3,1,0,46576,21,FTP-Patator
49299,18,47,38578.517417338015,1697.710940896029,6,1,4,0,1,53667,443,BENIGN
11849,49,45,53678.15989616694,3081.8082060878783,6,3,2,0,1,28382,8080,BENIGN
10199,9,38,75061.68536440849,3076.418319359925,17,2,4,1,1,37360,22,PortScan
43433,16,14,23405.951899043437,4766.9954516501,17,3,2,1,1,62431,22,BENIGN
19113,34,9,72778.77989967541,1734.6677013941105,6,3,1,0,0,58059,21,BENIGN
46369,47,46,45168.00417178202,1112.2583681322296,6,3,2,0,0,48165,8080,BENIGN
36367,26,31,1589.7336485178948,1819.330088893391,6,2,4,0,0,57635,22,BENIGN
26567,40,46,62457.75111154632,3288.7752282533484,17,4,2,1,1,52610,21,BENIGN
25082,33,27,39763.56357120804,1859.7460753517773,6,2,3,0,1,16375,21,DDoS
38898,24,46,7004.453861729092,539.3263217488783,17,2,2,0,0,32979,21,BENIGN
28765,28,47,52851.93196163227,2437.7806678686525,6,2,4,0,1,25715,8080,BENIGN
27852,4,3,45131.780490784564,1933.463256093711,17,1,0,1,1,10508,443,BENIGN
37938,2,14,45509.42512517955,3410.9898340439654,17,0,2,0,0,45714,8080,FTP-Patator
3762,17,23,34224.44729991105,2836.3176530923843,6,4,3,1,0,58805,443,DDoS
38802,25,7,71115.47141845936,803.142964429591,6,4,1,1,0,28326,80,BENIGN
4540,23,25,60301.55896900213,237.38760163900832,17,0,1,1,1,18958,8080,BENIGN
39951,9,41,82155.61598252445,891.8716654982668,6,0,1,0,0,15385,22,BENIGN
37748,7,21,23423.810647378057,4853.0859895066405,6,1,4,1,0,33488,8080,BENIGN
39249,36,47,43909.59952994851,4616.6003270150195,17,1,1,0,0,8770,22,BENIGN
7923,49,42,80367.18627251497,1219.9811757184114,6,1,0,0,1,22169,8080,FTP-Patator
38527,20,23,84146.70464135568,2629.2189810096897,6,4,3,1,1,4698,8080,BENIGN
43820,2,48,27629.987023216217,2640.9567838262856,6,4,2,1,0,54573,443,BENIGN
10326,16,35,57858.6884036648,2004.329931330528,17,4,3,1,0,16721,21,BENIGN
25542,17,7,72443.67035837796,485.6605663178205,17,0,0,1,1,62079,8080,PortScan
16265,15,6,70706.7716765402,2796.8514655381355,6,4,2,1,0,37401,8080,BENIGN
27875,21,17,66546.9591606351,2511.934037931892,6,1,1,1,1,20478,80,DDoS
26093,10,40,30031.928656989283,4240.498218205024,6,0,2,0,0,20018,80,BENIGN
42721,37,10,27062.293110922463,3087.0991213469356,6,4,2,1,0,6280,8080,BENIGN
3526,25,14,63184.43362160344,4880.9364234873665,17,2,3,1,1,36351,443,BENIGN
34581,32,15,54570.91314710423,1577.1869783238164,6,1,2,0,1,35068,22,BENIGN
33509,7,18,92252.279847737,2869.0463221492764,6,3,1,0,1,4009,8080,BENIGN
17881,12,33,41346.86010274213,1407.832612742471,6,2,4,1,1,11209,8080,BENIGN
36874,39,15,17731.816994133183,1861.0707724461129,17,2,2,0,1,48603,80,FTP-Patator
25341,41,14,27225.57400297374,4331.950435593914,6,2,1,1,1,57412,8080,FTP-Patator
41942,8,7,46489.51753759173,406.1125981132369,17,1,4,0,1,15337,22,BENIGN
9647,26,1,9058.999443303328,3728.8708153376324,17,2,3,0,1,21897,22,FTP-Patator
7662,41,30,35087.35185560719,246.44936576039737,17,1,4,1,1,29910,8080,BENIGN
37534,27,20,77230.58226749828,396.8468802994926,17,1,1,0,0,20986,443,BENIGN
14546,29,26,61072.40716909944,848.2394948977773,17,4,2,0,1,31382,443,BENIGN
47055,1,2,5836.225258269743,3577.707845083109,6,0,4,0,1,51256,21,BENIGN
12700,40,34,53900.5716964608,915.2270709202124,6,4,3,0,1,23799,21,BENIGN
24353,12,14,31200.10781568392,2318.0700601511794,6,4,1,0,0,59833,8080,BENIGN
28197,24,14,32282.856146787482,2907.889865057359,6,3,0,1,1,46351,443,BENIGN
42086,2,17,94171.64179003813,3975.591127308885,17,4,3,1,1,2191,21,DDoS
20818,1,5,54905.09159417825,3053.5730594618476,17,3,4,1,1,9693,21,DDoS
35481,38,48,56598.338464238455,2840.0478469083123,17,3,3,1,0,60796,8080,FTP-Patator
43602,19,39,95437.6478142212,89.2907954051621,6,2,1,1,0,41290,21,BENIGN
26541,10,10,5266.28495109138,4658.038124887011,17,4,2,1,1,55232,22,BENIGN
35978,2,30,31328.484759322717,2744.966279330574,6,1,4,0,0,40331,22,PortScan
43900,28,46,95761.83303888874,1171.8408206325307,17,0,4,0,1,43380,80,BENIGN
10588,42,29,85553.1281093601,214.87118303249488,17,1,2,1,1,49944,8080,BENIGN
30146,48,21,59399.43257228216,4260.69053377029,6,0,0,1,0,8913,443,BENIGN
29313,32,5,75687.97829113703,1825.8293410603546,6,3,1,0,0,36640,22,PortScan
14084,38,6,97709.62330852398,2524.094514869214,6,4,2,1,1,34468,80,PortScan
2340,46,37,63218.82530155228,2981.0341916439475,17,3,4,1,0,60611,443,BENIGN
24158,46,42,15214.122640227204,2270.592944434106,6,2,2,0,1,37709,22,BENIGN
45529,11,9,61078.08186619802,649.0274700290627,6,2,4,1,1,42492,80,FTP-Patator
23071,38,17,5439.436678771543,660.0195043224495,6,1,3,1,1,30342,80,BENIGN
33770,45,32,82755.83519237473,4277.979712322491,6,1,4,0,1,53150,443,BENIGN
48944,15,31,79000.41403812013,739.6848824989027,6,1,4,0,1,60390,21,PortScan
35853,16,28,73901.51996981096,3981.0798740259393,17,1,4,0,0,6951,80,FTP-Patator
23726,6,19,48199.6303793846,1987.1240837321684,6,1,1,1,1,32344,22,BENIGN
10400,39,34,9527.342721165247,490.6544659938667,17,4,2,1,0,53701,21,BENIGN
15751,49,2,85736.22607272647,3958.5706592020706,17,3,0,1,1,45173,21,PortScan
9995,10,7,625.790355582746,3330.235311377302,6,4,1,1,0,57442,8080,DDoS
25457,16,22,63438.6157969518,4454.122977291442,17,0,4,0,1,6649,80,BENIGN
13351,26,45,18826.918385240508,1134.3034328311935,17,0,4,0,0,64196,443,BENIGN
31934,12,26,27811.540158182324,4284.1164042680675,17,4,0,1,1,1151,8080,BENIGN
16938,7,31,42844.52741759194,4479.583771611531,17,2,2,0,0,6393,8080,BENIGN
36760,18,10,41772.39537020805,2208.833256836217,17,2,3,0,1,12148,21,BENIGN
28776,8,34,61153.57638830952,4159.224712316672,17,4,3,0,1,18632,80,BENIGN
2786,28,47,7650.64101932982,1621.539972554023,17,1,1,0,1,34671,22,DDoS
9546,21,39,65106.41744080214,626.6966719414892,6,4,1,1,0,40465,80,BENIGN
38432,4,32,72188.1738268128,4861.460267403219,17,1,3,0,0,43423,22,BENIGN
20876,49,36,63166.96680114824,2840.9699515917273,6,0,0,0,1,24117,80,BENIGN
12351,46,29,6518.830691230814,221.75606970226957,6,3,3,0,0,45194,80,BENIGN
31927,40,33,41869.255856129086,29.2870797733016,17,2,1,0,1,34972,22,DDoS
44327,37,34,83639.38567660018,4811.071352011944,6,1,1,1,1,48630,22,BENIGN
34199,16,38,92895.69843411152,1624.624001355813,6,4,0,0,1,10916,80,BENIGN
16972,2,46,39910.95667943289,380.3074742319684,17,2,4,0,0,33737,22,BENIGN
41880,43,22,13458.762106502794,2243.1424732530772,6,4,4,1,1,27607,443,PortScan
22937,37,41,49664.513516188454,697.2751043841567,17,1,0,1,1,53837,21,PortScan
41298,29,33,33306.863447038944,2656.841361195543,6,1,1,0,1,53211,22,BENIGN
12906,47,10,99885.19592932097,3534.180447154315,17,1,3,0,0,56037,80,BENIGN
48732,6,37,27528.07124715043,33.33743507183081,17,4,2,1,1,35363,80,FTP-Patator
5562,36,20,73704.75592534077,1332.4367385279213,17,4,1,0,1,59536,443,BENIGN
10928,35,10,93887.76562252673,4702.329924203793,17,2,3,1,1,29278,22,FTP-Patator
21596,26,12,30942.03668079659,3748.5689789136545,6,1,4,0,0,38780,80,BENIGN
11106,49,38,12366.834383419442,440.1860436460404,6,1,0,1,1,3371,22,BENIGN
13489,25,14,70383.77847072229,2954.7784725349657,6,1,2,0,0,33998,80,BENIGN
24982,11,37,50085.89860212503,1612.6100579734675,6,2,3,1,0,27626,443,BENIGN
24768,18,13,92964.63937506759,4555.866006815775,17,4,3,0,1,5586,22,DDoS
28442,12,49,45060.976621286165,2461.2906979788627,17,0,1,1,1,4168,8080,BENIGN
47692,47,29,9819.761282642234,1671.2703564231003,17,1,2,1,0,32531,80,BENIGN
24632,38,32,65811.83681119203,2723.8283160110814,6,4,0,1,0,60293,80,PortScan
46943,12,46,5322.021764761409,1138.321169591314,6,2,0,1,0,51060,443,BENIGN
517,18,18,26227.88587748292,3289.4868760214154,17,1,2,1,1,32103,80,BENIGN
13249,39,40,66687.09568136788,3843.2303870161745,6,0,3,0,1,6115,21,BENIGN
43821,43,19,12555.113392385407,4538.621517774702,6,3,4,0,0,61318,80,BENIGN
41139,39,9,27264.12747981241,1005.2017676731879,6,1,2,0,0,7536,8080,BENIGN
31880,8,5,34840.66990730694,1226.627537595434,17,3,0,1,1,17006,8080,DDoS
37242,28,37,86670.8696563814,3600.592932810164,17,4,0,0,1,2681,22,BENIGN
35958,41,44,76068.87864071089,1110.5340329790263,6,3,3,1,1,59797,21,BENIGN
33613,32,48,70521.91969616224,3294.25216300538,17,0,1,1,0,43094,8080,BENIGN
34004,22,5,4932.890462297656,275.1864348752805,17,0,4,0,1,7522,22,BENIGN
14249,4,30,98782.60797605348,2084.724735406839,17,0,2,0,1,36239,22,BENIGN
20243,18,39,76188.56619620013,4344.855186959234,6,4,3,0,1,4873,22,PortScan
13534,5,13,91036.84803512761,2514.7107727597418,17,4,3,0,1,48736,21,PortScan
36762,33,33,403.2889091419544,667.4198624141619,6,3,2,0,1,57169,80,BENIGN
3343,44,41,87350.88704563088,3221.6229829590475,17,4,3,0,0,47487,80,PortScan
18366,22,20,32430.80232569323,1902.9750718608827,6,0,2,1,0,31122,8080,DDoS
41693,28,3,87953.67092838508,703.95349504903,17,1,3,0,0,30209,80,BENIGN
14037,20,25,8208.300642487084,3030.692271352875,17,2,4,1,1,32414,22,BENIGN
3272,34,2,99072.19423215208,1815.0426062171746,6,0,0,1,1,29976,80,BENIGN
4012,15,12,45545.49325773094,1317.4555401582716,17,2,4,0,0,1754,80,BENIGN
4958,20,33,56534.32876276116,1343.390073055579,6,1,4,0,0,50500,8080,BENIGN
27243,35,13,88413.95329526259,2431.043530244468,6,3,4,1,1,10359,21,BENIGN
45964,18,25,65882.73634861322,4438.002532773484,17,0,1,1,0,19366,80,BENIGN
43151,16,29,98760.58153395416,4806.765031296027,6,3,1,0,0,27779,80,BENIGN
37453,26,2,78835.08916980439,2615.6600281472065,6,3,3,0,0,35358,443,PortScan
40250,3,3,49978.54809489305,175.76325669545187,6,3,4,1,1,19550,21,BENIGN
8127,21,29,95042.74590707746,3836.0636753061654,6,2,3,1,1,23240,21,BENIGN
32289,38,7,19996.65500497902,3431.5258618210896,6,4,0,1,0,65147,21,BENIGN
22562,6,25,8044.717426866998,2341.2634725451544,6,3,3,0,1,34007,21,BENIGN
33675,18,1,45050.520410098754,3664.6595466042395,6,1,3,1,0,58660,22,BENIGN
40484,25,35,91201.41025217767,2933.391546554771,6,0,1,1,1,5089,21,PortScan
35109,26,1,79623.00228358127,218.21662778090052,17,0,1,1,0,33373,22,BENIGN
2787,41,44,32895.14831617653,2060.6956907640233,6,1,3,1,1,17399,80,BENIGN
17423,5,25,2519.3772884867262,1268.579181721847,17,4,4,1,1,38960,443,BENIGN
22080,8,49,47878.98304749918,2194.8719670534524,17,1,4,1,1,21474,80,BENIGN
18532,46,6,11753.918955779387,4744.621925102031,6,0,3,0,0,24855,80,PortScan
22809,48,44,2359.4058081386893,1943.443115803866,17,1,1,0,1,32117,8080,BENIGN
49485,4,30,65590.90243172554,971.7750759510644,17,4,3,1,1,61171,22,BENIGN
28560,34,37,68886.4547502882,1280.9310903004316,6,4,2,0,1,41804,443,BENIGN
9743,44,25,64627.21871990931,4011.322839359231,6,2,0,0,0,61601,443,BENIGN
2635,25,18,30878.26917671763,4783.766604313341,17,4,2,1,1,2843,80,BENIGN
21487,29,6,81437.48029291123,409.478569915401,17,2,3,1,1,58670,21,BENIGN
44444,45,36,19043.445942893362,4411.633906357793,17,4,4,0,0,32060,443,BENIGN
13283,49,10,7322.3396148768925,2296.809415404459,17,3,0,1,0,59696,443,DDoS
16866,20,15,832.5175389462787,4643.438805806908,17,0,3,1,1,54952,443,FTP-Patator
48600,40,37,30265.488293397317,560.4616352315134,6,0,0,0,0,13828,22,BENIGN
18991,34,33,63853.15487437498,3001.5602704343696,6,1,1,0,1,30316,80,BENIGN
29844,2,12,40645.952383559044,1152.020829515219,17,4,4,1,1,35414,443,BENIGN
6515,15,32,81281.43000820867,2872.459834180505,17,2,2,1,0,2714,80,BENIGN
12910,46,48,16382.42008495546,3095.5551908739,17,0,0,0,0,19319,21,BENIGN
47680,27,33,24476.68738335339,4719.699175823464,6,1,1,1,0,50704,80,BENIGN
46472,21,38,17774.845186974744,390.22939868015476,6,4,4,0,0,1708,22,BENIGN
32552,38,27,6780.611649440842,4960.568414865358,6,4,3,1,1,16409,22,BENIGN
7979,30,34,7193.929385082045,1829.2772954460092,6,2,1,0,0,56745,22,BENIGN
20889,36,10,22319.39842876966,1621.4794260993758,6,2,3,0,1,50037,443,BENIGN
12732,6,25,41092.54960245967,2236.1221893539223,17,4,0,0,1,19058,443,BENIGN
11685,32,19,96559.19880467436,2159.474418494386,17,2,4,0,1,63530,80,DDoS
42526,39,37,56751.95459983516,391.8073682663944,17,2,2,1,1,31825,80,BENIGN
4190,7,41,44835.71947030652,439.36909741695325,17,1,0,0,0,44522,21,BENIGN
1968,15,15,63198.41354057908,883.0570453011878,6,4,0,1,0,46130,443,BENIGN
16183,39,43,42612.69753428133,1916.0786506807317,17,1,4,1,1,3247,443,DDoS
14864,46,43,32383.386244790272,4781.632202705789,17,1,4,1,1,63941,21,BENIGN
35721,12,43,69924.18779065211,2946.0970592732383,6,4,2,0,1,9714,22,BENIGN
23571,10,21,92137.13684943484,2972.779427526047,17,4,3,1,1,9595,80,BENIGN
33879,40,49,27116.99280455088,273.0331786527777,6,0,1,1,0,28169,80,BENIGN
40780,13,11,93062.63398098107,4949.349237964649,6,3,2,0,0,63049,8080,BENIGN
15244,45,29,20216.161394481816,4386.508268585967,17,1,4,1,0,38139,21,PortScan
9960,4,28,95685.72111589058,3832.870398454774,17,2,3,1,1,54114,21,BENIGN
5043,26,34,15246.197779581198,919.3369469575083,17,3,1,0,1,41689,80,BENIGN
36973,26,7,3983.170058954586,2494.218918668049,17,4,1,1,0,48941,443,BENIGN
31118,14,22,63311.56125273258,4054.0304906606943,6,2,4,1,0,7305,21,BENIGN
24108,39,24,96431.41315516103,2709.026881508462,6,0,2,0,0,41194,8080,BENIGN
5084,9,40,63145.79132986658,3167.0587604699026,17,4,2,0,1,53953,22,BENIGN
32637,13,15,68148.85296320183,3992.915842441835,17,4,3,0,1,32629,21,BENIGN
33943,19,48,58937.5458890037,2773.7507182934564,6,3,3,1,0,39902,22,BENIGN
8096,35,9,47495.045681538526,2924.4385007879537,6,0,1,1,1,37812,80,FTP-Patator
9172,32,1,90285.49503341687,3133.937244594876,6,4,4,0,1,3513,443,PortScan
26926,5,18,95837.65315991525,1797.8148454707289,17,3,4,0,0,18987,22,BENIGN
12282,16,33,20873.938770128243,1612.546780375031,17,2,0,0,1,3593,21,BENIGN
20498,5,3,57043.804099250905,1567.5982619672209,6,3,2,1,0,22901,443,BENIGN
4532,10,5,39511.47481418613,2806.690383724978,6,2,3,0,1,37846,443,BENIGN
21526,17,30,730.3661902694147,1968.9647750273803,6,0,0,0,1,12037,80,BENIGN
49683,6,41,52993.914265133535,545.1155950885781,17,3,2,0,1,14039,80,BENIGN
30093,8,39,52218.18389473368,339.1852649582467,17,1,0,0,0,45070,21,BENIGN
1661,4,14,46351.89184858748,3026.4157640001913,6,0,3,1,0,33827,80,FTP-Patator
11015,24,12,12555.485697693985,4865.044081371242,6,3,0,0,1,62868,8080,BENIGN
13482,36,23,9347.770874478945,4885.564098728111,17,1,3,0,1,50314,8080,BENIGN
